Timing Analyzer report for AES_VHDL
Tue May 13 16:09:41 2025
Quartus Prime Version 23.1std.0 Build 991 11/28/2023 Patches 0.02std SC Standard Edition


---------------------
; Table of Contents ;
---------------------
  1. Legal Notice
  2. Timing Analyzer Summary
  3. Parallel Compilation
  4. SDC File List
  5. Clocks
  6. Slow 1200mV 85C Model Fmax Summary
  7. Timing Closure Recommendations
  8. Slow 1200mV 85C Model Setup Summary
  9. Slow 1200mV 85C Model Hold Summary
 10. Slow 1200mV 85C Model Recovery Summary
 11. Slow 1200mV 85C Model Removal Summary
 12. Slow 1200mV 85C Model Minimum Pulse Width Summary
 13. Slow 1200mV 85C Model Setup: 'clk'
 14. Slow 1200mV 85C Model Hold: 'clk'
 15. Slow 1200mV 85C Model Metastability Summary
 16. Slow 1200mV 0C Model Fmax Summary
 17. Slow 1200mV 0C Model Setup Summary
 18. Slow 1200mV 0C Model Hold Summary
 19. Slow 1200mV 0C Model Recovery Summary
 20. Slow 1200mV 0C Model Removal Summary
 21. Slow 1200mV 0C Model Minimum Pulse Width Summary
 22. Slow 1200mV 0C Model Setup: 'clk'
 23. Slow 1200mV 0C Model Hold: 'clk'
 24. Slow 1200mV 0C Model Metastability Summary
 25. Fast 1200mV 0C Model Setup Summary
 26. Fast 1200mV 0C Model Hold Summary
 27. Fast 1200mV 0C Model Recovery Summary
 28. Fast 1200mV 0C Model Removal Summary
 29. Fast 1200mV 0C Model Minimum Pulse Width Summary
 30. Fast 1200mV 0C Model Setup: 'clk'
 31. Fast 1200mV 0C Model Hold: 'clk'
 32. Fast 1200mV 0C Model Metastability Summary
 33. Multicorner Timing Analysis Summary
 34. Board Trace Model Assignments
 35. Input Transition Times
 36. Signal Integrity Metrics (Slow 1200mv 0c Model)
 37. Signal Integrity Metrics (Slow 1200mv 85c Model)
 38. Signal Integrity Metrics (Fast 1200mv 0c Model)
 39. Setup Transfers
 40. Hold Transfers
 41. Report TCCS
 42. Report RSKM
 43. Unconstrained Paths Summary
 44. Clock Status Summary
 45. Unconstrained Input Ports
 46. Unconstrained Output Ports
 47. Unconstrained Input Ports
 48. Unconstrained Output Ports
 49. Timing Analyzer Messages



----------------
; Legal Notice ;
----------------
Copyright (C) 2023  Intel Corporation. All rights reserved.
Your use of Intel Corporation's design tools, logic functions 
and other software and tools, and any partner logic 
functions, and any output files from any of the foregoing 
(including device programming or simulation files), and any 
associated documentation or information are expressly subject 
to the terms and conditions of the Intel Program License 
Subscription Agreement, the Intel Quartus Prime License Agreement,
the Intel FPGA IP License Agreement, or other applicable license
agreement, including, without limitation, that your use is for
the sole purpose of programming logic devices manufactured by
Intel and sold by Intel or its authorized distributors.  Please
refer to the applicable agreement for further details, at
https://fpgasoftware.intel.com/eula.



+----------------------------------------------------------------------------------------------------+
; Timing Analyzer Summary                                                                            ;
+-----------------------+----------------------------------------------------------------------------+
; Quartus Prime Version ; Version 23.1std.0 Build 991 11/28/2023 Patches 0.02std SC Standard Edition ;
; Timing Analyzer       ; Legacy Timing Analyzer                                                     ;
; Revision Name         ; AES_VHDL                                                                   ;
; Device Family         ; Cyclone IV E                                                               ;
; Device Name           ; EP4CE115F29C7                                                              ;
; Timing Models         ; Final                                                                      ;
; Delay Model           ; Combined                                                                   ;
; Rise/Fall Delays      ; Enabled                                                                    ;
+-----------------------+----------------------------------------------------------------------------+


+------------------------------------------+
; Parallel Compilation                     ;
+----------------------------+-------------+
; Processors                 ; Number      ;
+----------------------------+-------------+
; Number detected on machine ; 8           ;
; Maximum allowed            ; 4           ;
;                            ;             ;
; Average used               ; 1.33        ;
; Maximum used               ; 4           ;
;                            ;             ;
; Usage by Processor         ; % Time Used ;
;     Processor 1            ; 100.0%      ;
;     Processor 2            ;  14.7%      ;
;     Processor 3            ;   9.9%      ;
;     Processor 4            ;   8.4%      ;
+----------------------------+-------------+


+---------------------------------------------------+
; SDC File List                                     ;
+---------------+--------+--------------------------+
; SDC File Path ; Status ; Read at                  ;
+---------------+--------+--------------------------+
; AES_VHDL.sdc  ; OK     ; Tue May 13 16:09:39 2025 ;
+---------------+--------+--------------------------+


+---------------------------------------------------------------------------------------------------------------------------------------------------------------------------------+
; Clocks                                                                                                                                                                          ;
+------------+------+--------+-----------+-------+--------+------------+-----------+-------------+-------+--------+-----------+------------+----------+--------+--------+---------+
; Clock Name ; Type ; Period ; Frequency ; Rise  ; Fall   ; Duty Cycle ; Divide by ; Multiply by ; Phase ; Offset ; Edge List ; Edge Shift ; Inverted ; Master ; Source ; Targets ;
+------------+------+--------+-----------+-------+--------+------------+-----------+-------------+-------+--------+-----------+------------+----------+--------+--------+---------+
; clk        ; Base ; 20.000 ; 50.0 MHz  ; 0.000 ; 10.000 ;            ;           ;             ;       ;        ;           ;            ;          ;        ;        ; { clk } ;
+------------+------+--------+-----------+-------+--------+------------+-----------+-------------+-------+--------+-----------+------------+----------+--------+--------+---------+


+-------------------------------------------------+
; Slow 1200mV 85C Model Fmax Summary              ;
+-----------+-----------------+------------+------+
; Fmax      ; Restricted Fmax ; Clock Name ; Note ;
+-----------+-----------------+------------+------+
; 71.73 MHz ; 71.73 MHz       ; clk        ;      ;
+-----------+-----------------+------------+------+
This panel reports FMAX for every clock in the design, regardless of the user-specified clock periods.  FMAX is only computed for paths where the source and destination registers or ports are driven by the same clock.  Paths of different clocks, including generated clocks, are ignored.  For paths between a clock and its inversion, FMAX is computed as if the rising and falling edges are scaled along with FMAX, such that the duty cycle (in terms of a percentage) is maintained. Altera recommends that you always use clock constraints and other slack reports for sign-off analysis.


----------------------------------
; Timing Closure Recommendations ;
----------------------------------
HTML report is unavailable in plain text report export.


+-------------------------------------+
; Slow 1200mV 85C Model Setup Summary ;
+-------+-------+---------------------+
; Clock ; Slack ; End Point TNS       ;
+-------+-------+---------------------+
; clk   ; 6.059 ; 0.000               ;
+-------+-------+---------------------+


+------------------------------------+
; Slow 1200mV 85C Model Hold Summary ;
+-------+-------+--------------------+
; Clock ; Slack ; End Point TNS      ;
+-------+-------+--------------------+
; clk   ; 0.402 ; 0.000              ;
+-------+-------+--------------------+


------------------------------------------
; Slow 1200mV 85C Model Recovery Summary ;
------------------------------------------
No paths to report.


-----------------------------------------
; Slow 1200mV 85C Model Removal Summary ;
-----------------------------------------
No paths to report.


+---------------------------------------------------+
; Slow 1200mV 85C Model Minimum Pulse Width Summary ;
+-------+-------+-----------------------------------+
; Clock ; Slack ; End Point TNS                     ;
+-------+-------+-----------------------------------+
; clk   ; 9.755 ; 0.000                             ;
+-------+-------+-----------------------------------+


+-------------------------------------------------------------------------------------------------------------------------------------------------------------------------------------------------------+
; Slow 1200mV 85C Model Setup: 'clk'                                                                                                                                                                    ;
+-------+-------------------------------------------+-----------------------------------------------------------------------------+--------------+-------------+--------------+------------+------------+
; Slack ; From Node                                 ; To Node                                                                     ; Launch Clock ; Latch Clock ; Relationship ; Clock Skew ; Data Delay ;
+-------+-------------------------------------------+-----------------------------------------------------------------------------+--------------+-------------+--------------+------------+------------+
; 6.059 ; aes_vhdl:encryption_inst|round_counter[2] ; decryption_aes:decryption_inst|clocked_reg:clocked_reg_inst|state_next[86]  ; clk          ; clk         ; 20.000       ; -0.092     ; 13.867     ;
; 6.082 ; aes_vhdl:encryption_inst|round_counter[3] ; decryption_aes:decryption_inst|clocked_reg:clocked_reg_inst|state_next[1]   ; clk          ; clk         ; 20.000       ; -0.103     ; 13.833     ;
; 6.144 ; aes_vhdl:encryption_inst|round_counter[0] ; aes_vhdl:encryption_inst|clocked_reg:clocked_reg_inst|state_next[121]       ; clk          ; clk         ; 20.000       ; -0.102     ; 13.772     ;
; 6.163 ; aes_vhdl:encryption_inst|round_counter[0] ; decryption_aes:decryption_inst|clocked_reg:clocked_reg_inst|state_next[86]  ; clk          ; clk         ; 20.000       ; -0.092     ; 13.763     ;
; 6.198 ; aes_vhdl:encryption_inst|round_counter[2] ; decryption_aes:decryption_inst|clocked_reg:clocked_reg_inst|state_next[1]   ; clk          ; clk         ; 20.000       ; -0.103     ; 13.717     ;
; 6.270 ; aes_vhdl:encryption_inst|round_counter[1] ; decryption_aes:decryption_inst|clocked_reg:clocked_reg_inst|state_next[33]  ; clk          ; clk         ; 20.000       ; -0.110     ; 13.638     ;
; 6.285 ; aes_vhdl:encryption_inst|round_counter[0] ; decryption_aes:decryption_inst|clocked_reg:clocked_reg_inst|state_next[1]   ; clk          ; clk         ; 20.000       ; -0.103     ; 13.630     ;
; 6.329 ; aes_vhdl:encryption_inst|round_counter[3] ; decryption_aes:decryption_inst|clocked_reg:clocked_reg_inst|state_next[2]   ; clk          ; clk         ; 20.000       ; -0.100     ; 13.589     ;
; 6.333 ; aes_vhdl:encryption_inst|round_counter[3] ; decryption_aes:decryption_inst|clocked_reg:clocked_reg_inst|state_next[86]  ; clk          ; clk         ; 20.000       ; -0.092     ; 13.593     ;
; 6.350 ; aes_vhdl:encryption_inst|round_counter[3] ; decryption_aes:decryption_inst|clocked_reg:clocked_reg_inst|state_next[84]  ; clk          ; clk         ; 20.000       ; -0.095     ; 13.573     ;
; 6.404 ; aes_vhdl:encryption_inst|round_counter[2] ; aes_vhdl:encryption_inst|clocked_reg:clocked_reg_inst|state_next[121]       ; clk          ; clk         ; 20.000       ; -0.102     ; 13.512     ;
; 6.468 ; aes_vhdl:encryption_inst|round_counter[1] ; decryption_aes:decryption_inst|clocked_reg:clocked_reg_inst|state_next[86]  ; clk          ; clk         ; 20.000       ; -0.092     ; 13.458     ;
; 6.501 ; aes_vhdl:encryption_inst|round_counter[3] ; decryption_aes:decryption_inst|clocked_reg:clocked_reg_inst|state_next[112] ; clk          ; clk         ; 20.000       ; -0.105     ; 13.412     ;
; 6.508 ; aes_vhdl:encryption_inst|round_counter[3] ; aes_vhdl:encryption_inst|clocked_reg:clocked_reg_inst|state_next[121]       ; clk          ; clk         ; 20.000       ; -0.102     ; 13.408     ;
; 6.540 ; aes_vhdl:encryption_inst|round_counter[3] ; decryption_aes:decryption_inst|clocked_reg:clocked_reg_inst|state_next[4]   ; clk          ; clk         ; 20.000       ; -0.102     ; 13.376     ;
; 6.550 ; aes_vhdl:encryption_inst|round_counter[3] ; decryption_aes:decryption_inst|clocked_reg:clocked_reg_inst|state_next[33]  ; clk          ; clk         ; 20.000       ; -0.110     ; 13.358     ;
; 6.564 ; aes_vhdl:encryption_inst|round_counter[1] ; decryption_aes:decryption_inst|clocked_reg:clocked_reg_inst|state_next[112] ; clk          ; clk         ; 20.000       ; -0.105     ; 13.349     ;
; 6.573 ; aes_vhdl:encryption_inst|round_counter[2] ; decryption_aes:decryption_inst|clocked_reg:clocked_reg_inst|state_next[33]  ; clk          ; clk         ; 20.000       ; -0.110     ; 13.335     ;
; 6.575 ; aes_vhdl:encryption_inst|round_counter[0] ; decryption_aes:decryption_inst|clocked_reg:clocked_reg_inst|state_next[2]   ; clk          ; clk         ; 20.000       ; -0.100     ; 13.343     ;
; 6.609 ; aes_vhdl:encryption_inst|round_counter[0] ; decryption_aes:decryption_inst|clocked_reg:clocked_reg_inst|state_next[84]  ; clk          ; clk         ; 20.000       ; -0.095     ; 13.314     ;
; 6.614 ; aes_vhdl:encryption_inst|round_counter[3] ; decryption_aes:decryption_inst|clocked_reg:clocked_reg_inst|state_next[103] ; clk          ; clk         ; 20.000       ; -0.102     ; 13.302     ;
; 6.656 ; aes_vhdl:encryption_inst|round_counter[2] ; decryption_aes:decryption_inst|clocked_reg:clocked_reg_inst|state_next[4]   ; clk          ; clk         ; 20.000       ; -0.102     ; 13.260     ;
; 6.668 ; aes_vhdl:encryption_inst|round_counter[0] ; aes_vhdl:encryption_inst|clocked_reg:clocked_reg_inst|state_next[113]       ; clk          ; clk         ; 20.000       ; -0.093     ; 13.257     ;
; 6.669 ; aes_vhdl:encryption_inst|round_counter[0] ; decryption_aes:decryption_inst|clocked_reg:clocked_reg_inst|state_next[33]  ; clk          ; clk         ; 20.000       ; -0.110     ; 13.239     ;
; 6.680 ; aes_vhdl:encryption_inst|round_counter[1] ; decryption_aes:decryption_inst|clocked_reg:clocked_reg_inst|state_next[1]   ; clk          ; clk         ; 20.000       ; -0.103     ; 13.235     ;
; 6.714 ; aes_vhdl:encryption_inst|round_counter[2] ; decryption_aes:decryption_inst|clocked_reg:clocked_reg_inst|state_next[26]  ; clk          ; clk         ; 20.000       ; -0.104     ; 13.200     ;
; 6.730 ; aes_vhdl:encryption_inst|round_counter[1] ; decryption_aes:decryption_inst|clocked_reg:clocked_reg_inst|state_next[84]  ; clk          ; clk         ; 20.000       ; -0.095     ; 13.193     ;
; 6.743 ; aes_vhdl:encryption_inst|round_counter[0] ; decryption_aes:decryption_inst|clocked_reg:clocked_reg_inst|state_next[4]   ; clk          ; clk         ; 20.000       ; -0.102     ; 13.173     ;
; 6.747 ; aes_vhdl:encryption_inst|round_counter[2] ; decryption_aes:decryption_inst|clocked_reg:clocked_reg_inst|state_next[2]   ; clk          ; clk         ; 20.000       ; -0.100     ; 13.171     ;
; 6.757 ; aes_vhdl:encryption_inst|round_counter[2] ; decryption_aes:decryption_inst|clocked_reg:clocked_reg_inst|state_next[84]  ; clk          ; clk         ; 20.000       ; -0.095     ; 13.166     ;
; 6.765 ; aes_vhdl:encryption_inst|round_counter[3] ; aes_vhdl:encryption_inst|clocked_reg:clocked_reg_inst|state_next[62]        ; clk          ; clk         ; 20.000       ; -0.095     ; 13.158     ;
; 6.776 ; aes_vhdl:encryption_inst|round_counter[3] ; aes_vhdl:encryption_inst|clocked_reg:clocked_reg_inst|state_next[42]        ; clk          ; clk         ; 20.000       ; -0.117     ; 13.125     ;
; 6.786 ; aes_vhdl:encryption_inst|round_counter[0] ; decryption_aes:decryption_inst|clocked_reg:clocked_reg_inst|state_next[112] ; clk          ; clk         ; 20.000       ; -0.105     ; 13.127     ;
; 6.799 ; aes_vhdl:encryption_inst|round_counter[2] ; decryption_aes:decryption_inst|clocked_reg:clocked_reg_inst|state_next[103] ; clk          ; clk         ; 20.000       ; -0.102     ; 13.117     ;
; 6.812 ; aes_vhdl:encryption_inst|round_counter[1] ; decryption_aes:decryption_inst|clocked_reg:clocked_reg_inst|state_next[2]   ; clk          ; clk         ; 20.000       ; -0.100     ; 13.106     ;
; 6.827 ; aes_vhdl:encryption_inst|round_counter[1] ; aes_vhdl:encryption_inst|clocked_reg:clocked_reg_inst|state_next[103]       ; clk          ; clk         ; 20.000       ; -0.092     ; 13.099     ;
; 6.839 ; aes_vhdl:encryption_inst|round_counter[3] ; aes_vhdl:encryption_inst|clocked_reg:clocked_reg_inst|state_next[41]        ; clk          ; clk         ; 20.000       ; -0.084     ; 13.095     ;
; 6.847 ; aes_vhdl:encryption_inst|round_counter[3] ; aes_vhdl:encryption_inst|clocked_reg:clocked_reg_inst|state_next[16]        ; clk          ; clk         ; 20.000       ; -0.100     ; 13.071     ;
; 6.879 ; aes_vhdl:encryption_inst|round_counter[0] ; aes_vhdl:encryption_inst|clocked_reg:clocked_reg_inst|state_next[100]       ; clk          ; clk         ; 20.000       ; -0.090     ; 13.049     ;
; 6.879 ; aes_vhdl:encryption_inst|round_counter[1] ; aes_vhdl:encryption_inst|clocked_reg:clocked_reg_inst|state_next[121]       ; clk          ; clk         ; 20.000       ; -0.102     ; 13.037     ;
; 6.881 ; aes_vhdl:encryption_inst|round_counter[1] ; decryption_aes:decryption_inst|clocked_reg:clocked_reg_inst|state_next[103] ; clk          ; clk         ; 20.000       ; -0.102     ; 13.035     ;
; 6.882 ; aes_vhdl:encryption_inst|round_counter[1] ; decryption_aes:decryption_inst|clocked_reg:clocked_reg_inst|state_next[26]  ; clk          ; clk         ; 20.000       ; -0.104     ; 13.032     ;
; 6.903 ; aes_vhdl:encryption_inst|round_counter[3] ; decryption_aes:decryption_inst|clocked_reg:clocked_reg_inst|state_next[26]  ; clk          ; clk         ; 20.000       ; -0.104     ; 13.011     ;
; 6.916 ; aes_vhdl:encryption_inst|round_counter[1] ; decryption_aes:decryption_inst|clocked_reg:clocked_reg_inst|state_next[29]  ; clk          ; clk         ; 20.000       ; -0.109     ; 12.993     ;
; 6.923 ; aes_vhdl:encryption_inst|round_counter[2] ; decryption_aes:decryption_inst|clocked_reg:clocked_reg_inst|state_next[112] ; clk          ; clk         ; 20.000       ; -0.105     ; 12.990     ;
; 6.928 ; aes_vhdl:encryption_inst|round_counter[2] ; aes_vhdl:encryption_inst|clocked_reg:clocked_reg_inst|state_next[113]       ; clk          ; clk         ; 20.000       ; -0.093     ; 12.997     ;
; 6.929 ; aes_vhdl:encryption_inst|round_counter[0] ; decryption_aes:decryption_inst|clocked_reg:clocked_reg_inst|state_next[69]  ; clk          ; clk         ; 20.000       ; -0.091     ; 12.998     ;
; 6.935 ; aes_vhdl:encryption_inst|round_counter[3] ; decryption_aes:decryption_inst|clocked_reg:clocked_reg_inst|state_next[51]  ; clk          ; clk         ; 20.000       ; -0.110     ; 12.973     ;
; 6.950 ; aes_vhdl:encryption_inst|round_counter[0] ; decryption_aes:decryption_inst|clocked_reg:clocked_reg_inst|state_next[46]  ; clk          ; clk         ; 20.000       ; -0.110     ; 12.958     ;
; 6.952 ; aes_vhdl:encryption_inst|round_counter[1] ; decryption_aes:decryption_inst|clocked_reg:clocked_reg_inst|state_next[118] ; clk          ; clk         ; 20.000       ; -0.112     ; 12.954     ;
; 6.966 ; aes_vhdl:encryption_inst|round_counter[0] ; decryption_aes:decryption_inst|clocked_reg:clocked_reg_inst|state_next[85]  ; clk          ; clk         ; 20.000       ; -0.091     ; 12.961     ;
; 6.972 ; aes_vhdl:encryption_inst|round_counter[3] ; decryption_aes:decryption_inst|clocked_reg:clocked_reg_inst|state_next[87]  ; clk          ; clk         ; 20.000       ; -0.114     ; 12.932     ;
; 6.973 ; aes_vhdl:encryption_inst|round_counter[2] ; decryption_aes:decryption_inst|clocked_reg:clocked_reg_inst|state_next[51]  ; clk          ; clk         ; 20.000       ; -0.110     ; 12.935     ;
; 6.983 ; aes_vhdl:encryption_inst|round_counter[0] ; decryption_aes:decryption_inst|clocked_reg:clocked_reg_inst|state_next[26]  ; clk          ; clk         ; 20.000       ; -0.104     ; 12.931     ;
; 6.988 ; aes_vhdl:encryption_inst|round_counter[0] ; decryption_aes:decryption_inst|clocked_reg:clocked_reg_inst|state_next[103] ; clk          ; clk         ; 20.000       ; -0.102     ; 12.928     ;
; 6.990 ; aes_vhdl:encryption_inst|round_counter[0] ; aes_vhdl:encryption_inst|clocked_reg:clocked_reg_inst|state_next[16]        ; clk          ; clk         ; 20.000       ; -0.100     ; 12.928     ;
; 7.006 ; aes_vhdl:encryption_inst|round_counter[0] ; decryption_aes:decryption_inst|clocked_reg:clocked_reg_inst|state_next[29]  ; clk          ; clk         ; 20.000       ; -0.109     ; 12.903     ;
; 7.016 ; aes_vhdl:encryption_inst|round_counter[0] ; aes_vhdl:encryption_inst|clocked_reg:clocked_reg_inst|state_next[41]        ; clk          ; clk         ; 20.000       ; -0.084     ; 12.918     ;
; 7.018 ; aes_vhdl:encryption_inst|round_counter[1] ; decryption_aes:decryption_inst|clocked_reg:clocked_reg_inst|state_next[113] ; clk          ; clk         ; 20.000       ; -0.112     ; 12.888     ;
; 7.032 ; aes_vhdl:encryption_inst|round_counter[3] ; aes_vhdl:encryption_inst|clocked_reg:clocked_reg_inst|state_next[113]       ; clk          ; clk         ; 20.000       ; -0.093     ; 12.893     ;
; 7.042 ; aes_vhdl:encryption_inst|round_counter[3] ; aes_vhdl:encryption_inst|clocked_reg:clocked_reg_inst|state_next[61]        ; clk          ; clk         ; 20.000       ; -0.082     ; 12.894     ;
; 7.042 ; aes_vhdl:encryption_inst|round_counter[0] ; aes_vhdl:encryption_inst|clocked_reg:clocked_reg_inst|state_next[62]        ; clk          ; clk         ; 20.000       ; -0.095     ; 12.881     ;
; 7.045 ; aes_vhdl:encryption_inst|round_counter[2] ; decryption_aes:decryption_inst|clocked_reg:clocked_reg_inst|state_next[29]  ; clk          ; clk         ; 20.000       ; -0.109     ; 12.864     ;
; 7.049 ; aes_vhdl:encryption_inst|round_counter[1] ; aes_vhdl:encryption_inst|clocked_reg:clocked_reg_inst|state_next[41]        ; clk          ; clk         ; 20.000       ; -0.084     ; 12.885     ;
; 7.053 ; aes_vhdl:encryption_inst|round_counter[0] ; aes_vhdl:encryption_inst|clocked_reg:clocked_reg_inst|state_next[42]        ; clk          ; clk         ; 20.000       ; -0.117     ; 12.848     ;
; 7.057 ; aes_vhdl:encryption_inst|round_counter[0] ; aes_vhdl:encryption_inst|clocked_reg:clocked_reg_inst|state_next[19]        ; clk          ; clk         ; 20.000       ; -0.093     ; 12.868     ;
; 7.063 ; aes_vhdl:encryption_inst|round_counter[3] ; aes_vhdl:encryption_inst|clocked_reg:clocked_reg_inst|state_next[19]        ; clk          ; clk         ; 20.000       ; -0.093     ; 12.862     ;
; 7.071 ; aes_vhdl:encryption_inst|round_counter[1] ; decryption_aes:decryption_inst|clocked_reg:clocked_reg_inst|state_next[46]  ; clk          ; clk         ; 20.000       ; -0.110     ; 12.837     ;
; 7.080 ; aes_vhdl:encryption_inst|round_counter[0] ; decryption_aes:decryption_inst|clocked_reg:clocked_reg_inst|state_next[51]  ; clk          ; clk         ; 20.000       ; -0.110     ; 12.828     ;
; 7.087 ; aes_vhdl:encryption_inst|round_counter[1] ; decryption_aes:decryption_inst|clocked_reg:clocked_reg_inst|state_next[85]  ; clk          ; clk         ; 20.000       ; -0.091     ; 12.840     ;
; 7.090 ; aes_vhdl:encryption_inst|round_counter[2] ; decryption_aes:decryption_inst|clocked_reg:clocked_reg_inst|state_next[46]  ; clk          ; clk         ; 20.000       ; -0.110     ; 12.818     ;
; 7.107 ; aes_vhdl:encryption_inst|round_counter[3] ; decryption_aes:decryption_inst|clocked_reg:clocked_reg_inst|state_next[118] ; clk          ; clk         ; 20.000       ; -0.112     ; 12.799     ;
; 7.118 ; aes_vhdl:encryption_inst|round_counter[1] ; aes_vhdl:encryption_inst|clocked_reg:clocked_reg_inst|state_next[110]       ; clk          ; clk         ; 20.000       ; -0.128     ; 12.772     ;
; 7.122 ; aes_vhdl:encryption_inst|round_counter[3] ; aes_vhdl:encryption_inst|clocked_reg:clocked_reg_inst|state_next[103]       ; clk          ; clk         ; 20.000       ; -0.092     ; 12.804     ;
; 7.123 ; aes_vhdl:encryption_inst|round_counter[1] ; aes_vhdl:encryption_inst|clocked_reg:clocked_reg_inst|state_next[16]        ; clk          ; clk         ; 20.000       ; -0.100     ; 12.795     ;
; 7.125 ; aes_vhdl:encryption_inst|round_counter[2] ; decryption_aes:decryption_inst|clocked_reg:clocked_reg_inst|state_next[69]  ; clk          ; clk         ; 20.000       ; -0.091     ; 12.802     ;
; 7.126 ; aes_vhdl:encryption_inst|round_counter[2] ; decryption_aes:decryption_inst|clocked_reg:clocked_reg_inst|state_next[85]  ; clk          ; clk         ; 20.000       ; -0.091     ; 12.801     ;
; 7.138 ; aes_vhdl:encryption_inst|round_counter[1] ; decryption_aes:decryption_inst|clocked_reg:clocked_reg_inst|state_next[4]   ; clk          ; clk         ; 20.000       ; -0.102     ; 12.778     ;
; 7.139 ; aes_vhdl:encryption_inst|round_counter[2] ; aes_vhdl:encryption_inst|clocked_reg:clocked_reg_inst|state_next[100]       ; clk          ; clk         ; 20.000       ; -0.090     ; 12.789     ;
; 7.145 ; aes_vhdl:encryption_inst|round_counter[2] ; aes_vhdl:encryption_inst|clocked_reg:clocked_reg_inst|state_next[103]       ; clk          ; clk         ; 20.000       ; -0.092     ; 12.781     ;
; 7.150 ; aes_vhdl:encryption_inst|round_counter[2] ; aes_vhdl:encryption_inst|clocked_reg:clocked_reg_inst|state_next[16]        ; clk          ; clk         ; 20.000       ; -0.100     ; 12.768     ;
; 7.156 ; aes_vhdl:encryption_inst|round_counter[1] ; aes_vhdl:encryption_inst|clocked_reg:clocked_reg_inst|state_next[42]        ; clk          ; clk         ; 20.000       ; -0.117     ; 12.745     ;
; 7.159 ; aes_vhdl:encryption_inst|round_counter[3] ; aes_vhdl:encryption_inst|clocked_reg:clocked_reg_inst|state_next[8]         ; clk          ; clk         ; 20.000       ; -0.102     ; 12.757     ;
; 7.161 ; aes_vhdl:encryption_inst|round_counter[1] ; decryption_aes:decryption_inst|clocked_reg:clocked_reg_inst|state_next[38]  ; clk          ; clk         ; 20.000       ; -0.118     ; 12.739     ;
; 7.164 ; aes_vhdl:encryption_inst|round_counter[1] ; decryption_aes:decryption_inst|clocked_reg:clocked_reg_inst|state_next[51]  ; clk          ; clk         ; 20.000       ; -0.110     ; 12.744     ;
; 7.172 ; aes_vhdl:encryption_inst|round_counter[0] ; aes_vhdl:encryption_inst|clocked_reg:clocked_reg_inst|state_next[103]       ; clk          ; clk         ; 20.000       ; -0.092     ; 12.754     ;
; 7.177 ; aes_vhdl:encryption_inst|round_counter[0] ; aes_vhdl:encryption_inst|clocked_reg:clocked_reg_inst|state_next[106]       ; clk          ; clk         ; 20.000       ; -0.135     ; 12.706     ;
; 7.188 ; aes_vhdl:encryption_inst|round_counter[0] ; decryption_aes:decryption_inst|clocked_reg:clocked_reg_inst|state_next[123] ; clk          ; clk         ; 20.000       ; -0.112     ; 12.718     ;
; 7.193 ; aes_vhdl:encryption_inst|round_counter[3] ; aes_vhdl:encryption_inst|clocked_reg:clocked_reg_inst|state_next[47]        ; clk          ; clk         ; 20.000       ; -0.116     ; 12.709     ;
; 7.196 ; aes_vhdl:encryption_inst|round_counter[3] ; decryption_aes:decryption_inst|clocked_reg:clocked_reg_inst|state_next[29]  ; clk          ; clk         ; 20.000       ; -0.109     ; 12.713     ;
; 7.199 ; aes_vhdl:encryption_inst|round_counter[0] ; aes_vhdl:encryption_inst|clocked_reg:clocked_reg_inst|state_next[105]       ; clk          ; clk         ; 20.000       ; -0.128     ; 12.691     ;
; 7.205 ; aes_vhdl:encryption_inst|round_counter[3] ; decryption_aes:decryption_inst|clocked_reg:clocked_reg_inst|state_next[97]  ; clk          ; clk         ; 20.000       ; -0.123     ; 12.690     ;
; 7.206 ; aes_vhdl:encryption_inst|round_counter[3] ; decryption_aes:decryption_inst|clocked_reg:clocked_reg_inst|state_next[46]  ; clk          ; clk         ; 20.000       ; -0.110     ; 12.702     ;
; 7.213 ; aes_vhdl:encryption_inst|round_counter[0] ; aes_vhdl:encryption_inst|clocked_reg:clocked_reg_inst|state_next[109]       ; clk          ; clk         ; 20.000       ; -0.136     ; 12.669     ;
; 7.221 ; aes_vhdl:encryption_inst|round_counter[2] ; decryption_aes:decryption_inst|clocked_reg:clocked_reg_inst|state_next[73]  ; clk          ; clk         ; 20.000       ; -0.099     ; 12.698     ;
; 7.222 ; aes_vhdl:encryption_inst|round_counter[3] ; decryption_aes:decryption_inst|clocked_reg:clocked_reg_inst|state_next[85]  ; clk          ; clk         ; 20.000       ; -0.091     ; 12.705     ;
; 7.233 ; aes_vhdl:encryption_inst|round_counter[3] ; decryption_aes:decryption_inst|clocked_reg:clocked_reg_inst|state_next[92]  ; clk          ; clk         ; 20.000       ; -0.099     ; 12.686     ;
; 7.236 ; aes_vhdl:encryption_inst|round_counter[3] ; decryption_aes:decryption_inst|clocked_reg:clocked_reg_inst|state_next[69]  ; clk          ; clk         ; 20.000       ; -0.091     ; 12.691     ;
; 7.236 ; aes_vhdl:encryption_inst|round_counter[0] ; decryption_aes:decryption_inst|clocked_reg:clocked_reg_inst|state_next[87]  ; clk          ; clk         ; 20.000       ; -0.114     ; 12.668     ;
; 7.243 ; aes_vhdl:encryption_inst|round_counter[3] ; aes_vhdl:encryption_inst|clocked_reg:clocked_reg_inst|state_next[100]       ; clk          ; clk         ; 20.000       ; -0.090     ; 12.685     ;
+-------+-------------------------------------------+-----------------------------------------------------------------------------+--------------+-------------+--------------+------------+------------+


+-----------------------------------------------------------------------------------------------------------------------------------------------------------------------------------------------------------------------------------------+
; Slow 1200mV 85C Model Hold: 'clk'                                                                                                                                                                                                       ;
+-------+-----------------------------------------------------------------------------+-----------------------------------------------------------------------------+--------------+-------------+--------------+------------+------------+
; Slack ; From Node                                                                   ; To Node                                                                     ; Launch Clock ; Latch Clock ; Relationship ; Clock Skew ; Data Delay ;
+-------+-----------------------------------------------------------------------------+-----------------------------------------------------------------------------+--------------+-------------+--------------+------------+------------+
; 0.402 ; aes_vhdl:encryption_inst|round_counter[1]                                   ; aes_vhdl:encryption_inst|round_counter[1]                                   ; clk          ; clk         ; 0.000        ; 0.081      ; 0.669      ;
; 0.402 ; aes_vhdl:encryption_inst|round_counter[2]                                   ; aes_vhdl:encryption_inst|round_counter[2]                                   ; clk          ; clk         ; 0.000        ; 0.081      ; 0.669      ;
; 0.402 ; aes_vhdl:encryption_inst|round_counter[0]                                   ; aes_vhdl:encryption_inst|round_counter[0]                                   ; clk          ; clk         ; 0.000        ; 0.081      ; 0.669      ;
; 0.402 ; aes_vhdl:encryption_inst|round_counter[3]                                   ; aes_vhdl:encryption_inst|round_counter[3]                                   ; clk          ; clk         ; 0.000        ; 0.081      ; 0.669      ;
; 0.402 ; aes_vhdl:encryption_inst|clocked_reg:clocked_reg_inst|counter[3]            ; aes_vhdl:encryption_inst|clocked_reg:clocked_reg_inst|counter[3]            ; clk          ; clk         ; 0.000        ; 0.081      ; 0.669      ;
; 0.402 ; aes_vhdl:encryption_inst|clocked_reg:clocked_reg_inst|counter[2]            ; aes_vhdl:encryption_inst|clocked_reg:clocked_reg_inst|counter[2]            ; clk          ; clk         ; 0.000        ; 0.081      ; 0.669      ;
; 0.402 ; aes_vhdl:encryption_inst|clocked_reg:clocked_reg_inst|counter[0]            ; aes_vhdl:encryption_inst|clocked_reg:clocked_reg_inst|counter[0]            ; clk          ; clk         ; 0.000        ; 0.081      ; 0.669      ;
; 0.402 ; aes_vhdl:encryption_inst|clocked_reg:clocked_reg_inst|counter[1]            ; aes_vhdl:encryption_inst|clocked_reg:clocked_reg_inst|counter[1]            ; clk          ; clk         ; 0.000        ; 0.081      ; 0.669      ;
; 0.425 ; aes_vhdl:encryption_inst|clocked_reg:clocked_reg_inst|counter[2]            ; aes_vhdl:encryption_inst|clocked_reg:clocked_reg_inst|counter[3]            ; clk          ; clk         ; 0.000        ; 0.081      ; 0.692      ;
; 0.442 ; aes_vhdl:encryption_inst|clocked_reg:clocked_reg_inst|counter[0]            ; aes_vhdl:encryption_inst|clocked_reg:clocked_reg_inst|counter[2]            ; clk          ; clk         ; 0.000        ; 0.081      ; 0.709      ;
; 0.442 ; aes_vhdl:encryption_inst|clocked_reg:clocked_reg_inst|counter[0]            ; aes_vhdl:encryption_inst|clocked_reg:clocked_reg_inst|counter[1]            ; clk          ; clk         ; 0.000        ; 0.081      ; 0.709      ;
; 0.480 ; aes_vhdl:encryption_inst|round_counter[3]                                   ; aes_vhdl:encryption_inst|round_counter[1]                                   ; clk          ; clk         ; 0.000        ; 0.081      ; 0.747      ;
; 0.481 ; aes_vhdl:encryption_inst|round_counter[3]                                   ; aes_vhdl:encryption_inst|round_counter[0]                                   ; clk          ; clk         ; 0.000        ; 0.081      ; 0.748      ;
; 0.499 ; aes_vhdl:encryption_inst|round_counter[0]                                   ; aes_vhdl:encryption_inst|round_counter[2]                                   ; clk          ; clk         ; 0.000        ; 0.081      ; 0.766      ;
; 0.533 ; aes_vhdl:encryption_inst|round_counter[1]                                   ; aes_vhdl:encryption_inst|round_counter[3]                                   ; clk          ; clk         ; 0.000        ; 0.081      ; 0.800      ;
; 0.653 ; aes_vhdl:encryption_inst|clocked_reg:clocked_reg_inst|counter[1]            ; aes_vhdl:encryption_inst|clocked_reg:clocked_reg_inst|counter[3]            ; clk          ; clk         ; 0.000        ; 0.081      ; 0.920      ;
; 0.653 ; aes_vhdl:encryption_inst|clocked_reg:clocked_reg_inst|counter[1]            ; aes_vhdl:encryption_inst|clocked_reg:clocked_reg_inst|counter[2]            ; clk          ; clk         ; 0.000        ; 0.081      ; 0.920      ;
; 0.700 ; aes_vhdl:encryption_inst|round_counter[3]                                   ; aes_vhdl:encryption_inst|round_counter[2]                                   ; clk          ; clk         ; 0.000        ; 0.081      ; 0.967      ;
; 0.725 ; aes_vhdl:encryption_inst|round_counter[0]                                   ; aes_vhdl:encryption_inst|round_counter[3]                                   ; clk          ; clk         ; 0.000        ; 0.081      ; 0.992      ;
; 0.740 ; aes_vhdl:encryption_inst|round_counter[0]                                   ; aes_vhdl:encryption_inst|round_counter[1]                                   ; clk          ; clk         ; 0.000        ; 0.081      ; 1.007      ;
; 0.744 ; aes_vhdl:encryption_inst|round_counter[2]                                   ; aes_vhdl:encryption_inst|round_counter[3]                                   ; clk          ; clk         ; 0.000        ; 0.081      ; 1.011      ;
; 0.758 ; aes_vhdl:encryption_inst|round_counter[2]                                   ; aes_vhdl:encryption_inst|round_counter[0]                                   ; clk          ; clk         ; 0.000        ; 0.081      ; 1.025      ;
; 0.761 ; aes_vhdl:encryption_inst|round_counter[1]                                   ; aes_vhdl:encryption_inst|round_counter[2]                                   ; clk          ; clk         ; 0.000        ; 0.081      ; 1.028      ;
; 0.764 ; aes_vhdl:encryption_inst|round_counter[1]                                   ; aes_vhdl:encryption_inst|round_counter[0]                                   ; clk          ; clk         ; 0.000        ; 0.081      ; 1.031      ;
; 0.780 ; aes_vhdl:encryption_inst|round_counter[2]                                   ; aes_vhdl:encryption_inst|round_counter[1]                                   ; clk          ; clk         ; 0.000        ; 0.081      ; 1.047      ;
; 1.008 ; aes_vhdl:encryption_inst|clocked_reg:clocked_reg_inst|counter[0]            ; aes_vhdl:encryption_inst|clocked_reg:clocked_reg_inst|counter[3]            ; clk          ; clk         ; 0.000        ; 0.081      ; 1.275      ;
; 1.077 ; aes_vhdl:encryption_inst|clocked_reg:clocked_reg_inst|counter[3]            ; aes_vhdl:encryption_inst|clocked_reg:clocked_reg_inst|counter[0]            ; clk          ; clk         ; 0.000        ; 0.081      ; 1.344      ;
; 1.202 ; aes_vhdl:encryption_inst|clocked_reg:clocked_reg_inst|counter[1]            ; aes_vhdl:encryption_inst|clocked_reg:clocked_reg_inst|counter[0]            ; clk          ; clk         ; 0.000        ; 0.081      ; 1.469      ;
; 1.205 ; aes_vhdl:encryption_inst|clocked_reg:clocked_reg_inst|counter[2]            ; aes_vhdl:encryption_inst|clocked_reg:clocked_reg_inst|counter[0]            ; clk          ; clk         ; 0.000        ; 0.081      ; 1.472      ;
; 1.287 ; decryption_aes:decryption_inst|clocked_reg:clocked_reg_inst|state_next[29]  ; decryption_aes:decryption_inst|clocked_reg:clocked_reg_inst|state_next[27]  ; clk          ; clk         ; 0.000        ; 0.084      ; 1.557      ;
; 1.343 ; aes_vhdl:encryption_inst|clocked_reg:clocked_reg_inst|counter[3]            ; aes_vhdl:encryption_inst|clocked_reg:clocked_reg_inst|counter[1]            ; clk          ; clk         ; 0.000        ; 0.081      ; 1.610      ;
; 1.471 ; aes_vhdl:encryption_inst|clocked_reg:clocked_reg_inst|counter[2]            ; aes_vhdl:encryption_inst|clocked_reg:clocked_reg_inst|counter[1]            ; clk          ; clk         ; 0.000        ; 0.081      ; 1.738      ;
; 1.629 ; decryption_aes:decryption_inst|clocked_reg:clocked_reg_inst|state_next[29]  ; decryption_aes:decryption_inst|clocked_reg:clocked_reg_inst|state_next[28]  ; clk          ; clk         ; 0.000        ; 0.074      ; 1.889      ;
; 1.658 ; decryption_aes:decryption_inst|clocked_reg:clocked_reg_inst|state_next[29]  ; decryption_aes:decryption_inst|clocked_reg:clocked_reg_inst|state_next[25]  ; clk          ; clk         ; 0.000        ; 0.072      ; 1.916      ;
; 1.961 ; decryption_aes:decryption_inst|clocked_reg:clocked_reg_inst|state_next[86]  ; decryption_aes:decryption_inst|clocked_reg:clocked_reg_inst|state_next[54]  ; clk          ; clk         ; 0.000        ; 0.080      ; 2.227      ;
; 2.049 ; decryption_aes:decryption_inst|clocked_reg:clocked_reg_inst|state_next[58]  ; decryption_aes:decryption_inst|clocked_reg:clocked_reg_inst|state_next[56]  ; clk          ; clk         ; 0.000        ; 0.081      ; 2.316      ;
; 2.054 ; decryption_aes:decryption_inst|clocked_reg:clocked_reg_inst|state_next[85]  ; decryption_aes:decryption_inst|clocked_reg:clocked_reg_inst|state_next[94]  ; clk          ; clk         ; 0.000        ; 0.083      ; 2.323      ;
; 2.054 ; aes_vhdl:encryption_inst|clocked_reg:clocked_reg_inst|state_next[102]       ; aes_vhdl:encryption_inst|clocked_reg:clocked_reg_inst|state_next[70]        ; clk          ; clk         ; 0.000        ; 0.077      ; 2.317      ;
; 2.056 ; aes_vhdl:encryption_inst|clocked_reg:clocked_reg_inst|state_next[127]       ; aes_vhdl:encryption_inst|clocked_reg:clocked_reg_inst|state_next[122]       ; clk          ; clk         ; 0.000        ; 0.073      ; 2.315      ;
; 2.071 ; decryption_aes:decryption_inst|clocked_reg:clocked_reg_inst|state_next[29]  ; decryption_aes:decryption_inst|clocked_reg:clocked_reg_inst|state_next[24]  ; clk          ; clk         ; 0.000        ; 0.076      ; 2.333      ;
; 2.093 ; decryption_aes:decryption_inst|clocked_reg:clocked_reg_inst|state_next[110] ; decryption_aes:decryption_inst|clocked_reg:clocked_reg_inst|state_next[126] ; clk          ; clk         ; 0.000        ; 0.081      ; 2.360      ;
; 2.098 ; decryption_aes:decryption_inst|clocked_reg:clocked_reg_inst|state_next[94]  ; decryption_aes:decryption_inst|clocked_reg:clocked_reg_inst|state_next[94]  ; clk          ; clk         ; 0.000        ; 0.082      ; 2.366      ;
; 2.103 ; aes_vhdl:encryption_inst|round_counter[1]                                   ; aes_vhdl:encryption_inst|clocked_reg:clocked_reg_inst|state_next[113]       ; clk          ; clk         ; 0.000        ; 0.068      ; 2.357      ;
; 2.118 ; decryption_aes:decryption_inst|clocked_reg:clocked_reg_inst|state_next[86]  ; decryption_aes:decryption_inst|clocked_reg:clocked_reg_inst|state_next[48]  ; clk          ; clk         ; 0.000        ; 0.096      ; 2.400      ;
; 2.141 ; aes_vhdl:encryption_inst|round_counter[3]                                   ; aes_vhdl:encryption_inst|clocked_reg:clocked_reg_inst|state_next[113]       ; clk          ; clk         ; 0.000        ; 0.068      ; 2.395      ;
; 2.179 ; decryption_aes:decryption_inst|clocked_reg:clocked_reg_inst|state_next[29]  ; decryption_aes:decryption_inst|clocked_reg:clocked_reg_inst|state_next[29]  ; clk          ; clk         ; 0.000        ; 0.081      ; 2.446      ;
; 2.216 ; aes_vhdl:encryption_inst|round_counter[1]                                   ; aes_vhdl:encryption_inst|clocked_reg:clocked_reg_inst|state_next[19]        ; clk          ; clk         ; 0.000        ; 0.068      ; 2.470      ;
; 2.222 ; decryption_aes:decryption_inst|clocked_reg:clocked_reg_inst|state_next[30]  ; decryption_aes:decryption_inst|clocked_reg:clocked_reg_inst|state_next[30]  ; clk          ; clk         ; 0.000        ; 0.081      ; 2.489      ;
; 2.240 ; decryption_aes:decryption_inst|clocked_reg:clocked_reg_inst|state_next[101] ; decryption_aes:decryption_inst|clocked_reg:clocked_reg_inst|state_next[82]  ; clk          ; clk         ; 0.000        ; 0.091      ; 2.517      ;
; 2.251 ; decryption_aes:decryption_inst|clocked_reg:clocked_reg_inst|state_next[86]  ; decryption_aes:decryption_inst|clocked_reg:clocked_reg_inst|state_next[94]  ; clk          ; clk         ; 0.000        ; 0.084      ; 2.521      ;
; 2.254 ; aes_vhdl:encryption_inst|round_counter[3]                                   ; aes_vhdl:encryption_inst|clocked_reg:clocked_reg_inst|state_next[19]        ; clk          ; clk         ; 0.000        ; 0.068      ; 2.508      ;
; 2.265 ; decryption_aes:decryption_inst|clocked_reg:clocked_reg_inst|state_next[26]  ; decryption_aes:decryption_inst|clocked_reg:clocked_reg_inst|state_next[28]  ; clk          ; clk         ; 0.000        ; 0.069      ; 2.520      ;
; 2.265 ; decryption_aes:decryption_inst|clocked_reg:clocked_reg_inst|state_next[110] ; decryption_aes:decryption_inst|clocked_reg:clocked_reg_inst|state_next[120] ; clk          ; clk         ; 0.000        ; 0.078      ; 2.529      ;
; 2.290 ; decryption_aes:decryption_inst|clocked_reg:clocked_reg_inst|state_next[27]  ; decryption_aes:decryption_inst|clocked_reg:clocked_reg_inst|state_next[31]  ; clk          ; clk         ; 0.000        ; 0.082      ; 2.558      ;
; 2.295 ; decryption_aes:decryption_inst|clocked_reg:clocked_reg_inst|state_next[110] ; decryption_aes:decryption_inst|clocked_reg:clocked_reg_inst|state_next[41]  ; clk          ; clk         ; 0.000        ; 0.074      ; 2.555      ;
; 2.323 ; decryption_aes:decryption_inst|clocked_reg:clocked_reg_inst|state_next[110] ; decryption_aes:decryption_inst|clocked_reg:clocked_reg_inst|state_next[40]  ; clk          ; clk         ; 0.000        ; 0.072      ; 2.581      ;
; 2.328 ; decryption_aes:decryption_inst|clocked_reg:clocked_reg_inst|state_next[30]  ; decryption_aes:decryption_inst|clocked_reg:clocked_reg_inst|state_next[24]  ; clk          ; clk         ; 0.000        ; 0.081      ; 2.595      ;
; 2.339 ; aes_vhdl:encryption_inst|round_counter[1]                                   ; decryption_aes:decryption_inst|clocked_reg:clocked_reg_inst|state_next[80]  ; clk          ; clk         ; 0.000        ; 0.109      ; 2.634      ;
; 2.347 ; aes_vhdl:encryption_inst|clocked_reg:clocked_reg_inst|state_next[59]        ; aes_vhdl:encryption_inst|clocked_reg:clocked_reg_inst|state_next[60]        ; clk          ; clk         ; 0.000        ; 0.076      ; 2.609      ;
; 2.355 ; decryption_aes:decryption_inst|clocked_reg:clocked_reg_inst|state_next[85]  ; decryption_aes:decryption_inst|clocked_reg:clocked_reg_inst|state_next[89]  ; clk          ; clk         ; 0.000        ; 0.097      ; 2.638      ;
; 2.365 ; decryption_aes:decryption_inst|clocked_reg:clocked_reg_inst|state_next[110] ; decryption_aes:decryption_inst|clocked_reg:clocked_reg_inst|state_next[42]  ; clk          ; clk         ; 0.000        ; 0.075      ; 2.626      ;
; 2.375 ; decryption_aes:decryption_inst|clocked_reg:clocked_reg_inst|state_next[28]  ; decryption_aes:decryption_inst|clocked_reg:clocked_reg_inst|state_next[31]  ; clk          ; clk         ; 0.000        ; 0.091      ; 2.652      ;
; 2.375 ; decryption_aes:decryption_inst|clocked_reg:clocked_reg_inst|state_next[110] ; decryption_aes:decryption_inst|clocked_reg:clocked_reg_inst|state_next[44]  ; clk          ; clk         ; 0.000        ; 0.066      ; 2.627      ;
; 2.406 ; decryption_aes:decryption_inst|clocked_reg:clocked_reg_inst|state_next[94]  ; decryption_aes:decryption_inst|clocked_reg:clocked_reg_inst|state_next[89]  ; clk          ; clk         ; 0.000        ; 0.096      ; 2.688      ;
; 2.409 ; decryption_aes:decryption_inst|clocked_reg:clocked_reg_inst|state_next[29]  ; decryption_aes:decryption_inst|clocked_reg:clocked_reg_inst|state_next[30]  ; clk          ; clk         ; 0.000        ; 0.076      ; 2.671      ;
; 2.425 ; decryption_aes:decryption_inst|clocked_reg:clocked_reg_inst|state_next[29]  ; decryption_aes:decryption_inst|clocked_reg:clocked_reg_inst|state_next[31]  ; clk          ; clk         ; 0.000        ; 0.084      ; 2.695      ;
; 2.426 ; aes_vhdl:encryption_inst|round_counter[0]                                   ; aes_vhdl:encryption_inst|clocked_reg:clocked_reg_inst|state_next[113]       ; clk          ; clk         ; 0.000        ; 0.068      ; 2.680      ;
; 2.427 ; decryption_aes:decryption_inst|clocked_reg:clocked_reg_inst|state_next[110] ; decryption_aes:decryption_inst|clocked_reg:clocked_reg_inst|state_next[121] ; clk          ; clk         ; 0.000        ; 0.078      ; 2.691      ;
; 2.430 ; aes_vhdl:encryption_inst|round_counter[3]                                   ; decryption_aes:decryption_inst|clocked_reg:clocked_reg_inst|state_next[80]  ; clk          ; clk         ; 0.000        ; 0.109      ; 2.725      ;
; 2.434 ; decryption_aes:decryption_inst|clocked_reg:clocked_reg_inst|state_next[31]  ; decryption_aes:decryption_inst|clocked_reg:clocked_reg_inst|state_next[31]  ; clk          ; clk         ; 0.000        ; 0.082      ; 2.702      ;
; 2.436 ; decryption_aes:decryption_inst|clocked_reg:clocked_reg_inst|state_next[93]  ; decryption_aes:decryption_inst|clocked_reg:clocked_reg_inst|state_next[92]  ; clk          ; clk         ; 0.000        ; 0.100      ; 2.722      ;
; 2.440 ; decryption_aes:decryption_inst|clocked_reg:clocked_reg_inst|state_next[58]  ; decryption_aes:decryption_inst|clocked_reg:clocked_reg_inst|state_next[60]  ; clk          ; clk         ; 0.000        ; 0.077      ; 2.703      ;
; 2.440 ; aes_vhdl:encryption_inst|round_counter[2]                                   ; decryption_aes:decryption_inst|clocked_reg:clocked_reg_inst|state_next[80]  ; clk          ; clk         ; 0.000        ; 0.109      ; 2.735      ;
; 2.448 ; decryption_aes:decryption_inst|clocked_reg:clocked_reg_inst|state_next[26]  ; decryption_aes:decryption_inst|clocked_reg:clocked_reg_inst|state_next[27]  ; clk          ; clk         ; 0.000        ; 0.079      ; 2.713      ;
; 2.452 ; decryption_aes:decryption_inst|clocked_reg:clocked_reg_inst|state_next[93]  ; decryption_aes:decryption_inst|clocked_reg:clocked_reg_inst|state_next[90]  ; clk          ; clk         ; 0.000        ; 0.083      ; 2.721      ;
; 2.463 ; decryption_aes:decryption_inst|clocked_reg:clocked_reg_inst|state_next[46]  ; decryption_aes:decryption_inst|clocked_reg:clocked_reg_inst|state_next[104] ; clk          ; clk         ; 0.000        ; 0.085      ; 2.734      ;
; 2.486 ; aes_vhdl:encryption_inst|round_counter[1]                                   ; decryption_aes:decryption_inst|clocked_reg:clocked_reg_inst|state_next[82]  ; clk          ; clk         ; 0.000        ; 0.110      ; 2.782      ;
; 2.500 ; decryption_aes:decryption_inst|clocked_reg:clocked_reg_inst|state_next[109] ; decryption_aes:decryption_inst|clocked_reg:clocked_reg_inst|state_next[42]  ; clk          ; clk         ; 0.000        ; 0.076      ; 2.762      ;
; 2.504 ; aes_vhdl:encryption_inst|clocked_reg:clocked_reg_inst|state_next[123]       ; aes_vhdl:encryption_inst|clocked_reg:clocked_reg_inst|state_next[124]       ; clk          ; clk         ; 0.000        ; 0.081      ; 2.771      ;
; 2.523 ; decryption_aes:decryption_inst|clocked_reg:clocked_reg_inst|state_next[58]  ; decryption_aes:decryption_inst|clocked_reg:clocked_reg_inst|state_next[61]  ; clk          ; clk         ; 0.000        ; 0.074      ; 2.783      ;
; 2.523 ; decryption_aes:decryption_inst|clocked_reg:clocked_reg_inst|state_next[58]  ; decryption_aes:decryption_inst|clocked_reg:clocked_reg_inst|state_next[58]  ; clk          ; clk         ; 0.000        ; 0.081      ; 2.790      ;
; 2.537 ; aes_vhdl:encryption_inst|clocked_reg:clocked_reg_inst|state_next[119]       ; aes_vhdl:encryption_inst|clocked_reg:clocked_reg_inst|state_next[21]        ; clk          ; clk         ; 0.000        ; 0.076      ; 2.799      ;
; 2.539 ; aes_vhdl:encryption_inst|clocked_reg:clocked_reg_inst|state_next[77]        ; aes_vhdl:encryption_inst|clocked_reg:clocked_reg_inst|state_next[15]        ; clk          ; clk         ; 0.000        ; 0.092      ; 2.817      ;
; 2.542 ; aes_vhdl:encryption_inst|round_counter[0]                                   ; aes_vhdl:encryption_inst|clocked_reg:clocked_reg_inst|state_next[19]        ; clk          ; clk         ; 0.000        ; 0.068      ; 2.796      ;
; 2.548 ; decryption_aes:decryption_inst|clocked_reg:clocked_reg_inst|state_next[29]  ; decryption_aes:decryption_inst|clocked_reg:clocked_reg_inst|state_next[26]  ; clk          ; clk         ; 0.000        ; 0.086      ; 2.820      ;
; 2.552 ; decryption_aes:decryption_inst|clocked_reg:clocked_reg_inst|state_next[86]  ; decryption_aes:decryption_inst|clocked_reg:clocked_reg_inst|state_next[89]  ; clk          ; clk         ; 0.000        ; 0.098      ; 2.836      ;
; 2.567 ; aes_vhdl:encryption_inst|clocked_reg:clocked_reg_inst|state_next[28]        ; aes_vhdl:encryption_inst|clocked_reg:clocked_reg_inst|state_next[27]        ; clk          ; clk         ; 0.000        ; 0.111      ; 2.864      ;
; 2.571 ; aes_vhdl:encryption_inst|round_counter[0]                                   ; decryption_aes:decryption_inst|clocked_reg:clocked_reg_inst|state_next[80]  ; clk          ; clk         ; 0.000        ; 0.109      ; 2.866      ;
; 2.577 ; aes_vhdl:encryption_inst|round_counter[3]                                   ; decryption_aes:decryption_inst|clocked_reg:clocked_reg_inst|state_next[82]  ; clk          ; clk         ; 0.000        ; 0.110      ; 2.873      ;
; 2.587 ; aes_vhdl:encryption_inst|clocked_reg:clocked_reg_inst|state_next[30]        ; aes_vhdl:encryption_inst|clocked_reg:clocked_reg_inst|state_next[27]        ; clk          ; clk         ; 0.000        ; 0.110      ; 2.883      ;
; 2.587 ; aes_vhdl:encryption_inst|round_counter[2]                                   ; decryption_aes:decryption_inst|clocked_reg:clocked_reg_inst|state_next[82]  ; clk          ; clk         ; 0.000        ; 0.110      ; 2.883      ;
; 2.593 ; aes_vhdl:encryption_inst|round_counter[2]                                   ; aes_vhdl:encryption_inst|clocked_reg:clocked_reg_inst|state_next[113]       ; clk          ; clk         ; 0.000        ; 0.068      ; 2.847      ;
; 2.595 ; decryption_aes:decryption_inst|clocked_reg:clocked_reg_inst|state_next[86]  ; decryption_aes:decryption_inst|clocked_reg:clocked_reg_inst|state_next[49]  ; clk          ; clk         ; 0.000        ; 0.078      ; 2.859      ;
; 2.603 ; aes_vhdl:encryption_inst|clocked_reg:clocked_reg_inst|state_next[103]       ; aes_vhdl:encryption_inst|clocked_reg:clocked_reg_inst|state_next[70]        ; clk          ; clk         ; 0.000        ; 0.077      ; 2.866      ;
; 2.608 ; decryption_aes:decryption_inst|clocked_reg:clocked_reg_inst|state_next[110] ; decryption_aes:decryption_inst|clocked_reg:clocked_reg_inst|state_next[45]  ; clk          ; clk         ; 0.000        ; 0.081      ; 2.875      ;
; 2.628 ; decryption_aes:decryption_inst|clocked_reg:clocked_reg_inst|state_next[56]  ; decryption_aes:decryption_inst|clocked_reg:clocked_reg_inst|state_next[57]  ; clk          ; clk         ; 0.000        ; 0.073      ; 2.887      ;
; 2.634 ; aes_vhdl:encryption_inst|clocked_reg:clocked_reg_inst|state_next[102]       ; aes_vhdl:encryption_inst|clocked_reg:clocked_reg_inst|state_next[78]        ; clk          ; clk         ; 0.000        ; 0.077      ; 2.897      ;
; 2.637 ; decryption_aes:decryption_inst|clocked_reg:clocked_reg_inst|state_next[46]  ; decryption_aes:decryption_inst|clocked_reg:clocked_reg_inst|state_next[56]  ; clk          ; clk         ; 0.000        ; 0.079      ; 2.902      ;
; 2.642 ; aes_vhdl:encryption_inst|clocked_reg:clocked_reg_inst|state_next[119]       ; aes_vhdl:encryption_inst|clocked_reg:clocked_reg_inst|state_next[29]        ; clk          ; clk         ; 0.000        ; 0.076      ; 2.904      ;
; 2.657 ; aes_vhdl:encryption_inst|clocked_reg:clocked_reg_inst|state_next[118]       ; aes_vhdl:encryption_inst|clocked_reg:clocked_reg_inst|state_next[22]        ; clk          ; clk         ; 0.000        ; 0.086      ; 2.929      ;
+-------+-----------------------------------------------------------------------------+-----------------------------------------------------------------------------+--------------+-------------+--------------+------------+------------+


-----------------------------------------------
; Slow 1200mV 85C Model Metastability Summary ;
-----------------------------------------------
No synchronizer chains to report.


+-------------------------------------------------+
; Slow 1200mV 0C Model Fmax Summary               ;
+-----------+-----------------+------------+------+
; Fmax      ; Restricted Fmax ; Clock Name ; Note ;
+-----------+-----------------+------------+------+
; 77.92 MHz ; 77.92 MHz       ; clk        ;      ;
+-----------+-----------------+------------+------+
This panel reports FMAX for every clock in the design, regardless of the user-specified clock periods.  FMAX is only computed for paths where the source and destination registers or ports are driven by the same clock.  Paths of different clocks, including generated clocks, are ignored.  For paths between a clock and its inversion, FMAX is computed as if the rising and falling edges are scaled along with FMAX, such that the duty cycle (in terms of a percentage) is maintained. Altera recommends that you always use clock constraints and other slack reports for sign-off analysis.


+------------------------------------+
; Slow 1200mV 0C Model Setup Summary ;
+-------+-------+--------------------+
; Clock ; Slack ; End Point TNS      ;
+-------+-------+--------------------+
; clk   ; 7.166 ; 0.000              ;
+-------+-------+--------------------+


+-----------------------------------+
; Slow 1200mV 0C Model Hold Summary ;
+-------+-------+-------------------+
; Clock ; Slack ; End Point TNS     ;
+-------+-------+-------------------+
; clk   ; 0.354 ; 0.000             ;
+-------+-------+-------------------+


-----------------------------------------
; Slow 1200mV 0C Model Recovery Summary ;
-----------------------------------------
No paths to report.


----------------------------------------
; Slow 1200mV 0C Model Removal Summary ;
----------------------------------------
No paths to report.


+--------------------------------------------------+
; Slow 1200mV 0C Model Minimum Pulse Width Summary ;
+-------+-------+----------------------------------+
; Clock ; Slack ; End Point TNS                    ;
+-------+-------+----------------------------------+
; clk   ; 9.777 ; 0.000                            ;
+-------+-------+----------------------------------+


+-------------------------------------------------------------------------------------------------------------------------------------------------------------------------------------------------------+
; Slow 1200mV 0C Model Setup: 'clk'                                                                                                                                                                     ;
+-------+-------------------------------------------+-----------------------------------------------------------------------------+--------------+-------------+--------------+------------+------------+
; Slack ; From Node                                 ; To Node                                                                     ; Launch Clock ; Latch Clock ; Relationship ; Clock Skew ; Data Delay ;
+-------+-------------------------------------------+-----------------------------------------------------------------------------+--------------+-------------+--------------+------------+------------+
; 7.166 ; aes_vhdl:encryption_inst|round_counter[2] ; decryption_aes:decryption_inst|clocked_reg:clocked_reg_inst|state_next[86]  ; clk          ; clk         ; 20.000       ; -0.081     ; 12.772     ;
; 7.192 ; aes_vhdl:encryption_inst|round_counter[3] ; decryption_aes:decryption_inst|clocked_reg:clocked_reg_inst|state_next[1]   ; clk          ; clk         ; 20.000       ; -0.092     ; 12.735     ;
; 7.259 ; aes_vhdl:encryption_inst|round_counter[0] ; decryption_aes:decryption_inst|clocked_reg:clocked_reg_inst|state_next[86]  ; clk          ; clk         ; 20.000       ; -0.081     ; 12.679     ;
; 7.305 ; aes_vhdl:encryption_inst|round_counter[2] ; decryption_aes:decryption_inst|clocked_reg:clocked_reg_inst|state_next[1]   ; clk          ; clk         ; 20.000       ; -0.092     ; 12.622     ;
; 7.325 ; aes_vhdl:encryption_inst|round_counter[1] ; decryption_aes:decryption_inst|clocked_reg:clocked_reg_inst|state_next[33]  ; clk          ; clk         ; 20.000       ; -0.099     ; 12.595     ;
; 7.365 ; aes_vhdl:encryption_inst|round_counter[0] ; decryption_aes:decryption_inst|clocked_reg:clocked_reg_inst|state_next[1]   ; clk          ; clk         ; 20.000       ; -0.092     ; 12.562     ;
; 7.442 ; aes_vhdl:encryption_inst|round_counter[0] ; aes_vhdl:encryption_inst|clocked_reg:clocked_reg_inst|state_next[121]       ; clk          ; clk         ; 20.000       ; -0.091     ; 12.486     ;
; 7.442 ; aes_vhdl:encryption_inst|round_counter[3] ; decryption_aes:decryption_inst|clocked_reg:clocked_reg_inst|state_next[86]  ; clk          ; clk         ; 20.000       ; -0.081     ; 12.496     ;
; 7.466 ; aes_vhdl:encryption_inst|round_counter[3] ; decryption_aes:decryption_inst|clocked_reg:clocked_reg_inst|state_next[2]   ; clk          ; clk         ; 20.000       ; -0.088     ; 12.465     ;
; 7.520 ; aes_vhdl:encryption_inst|round_counter[1] ; decryption_aes:decryption_inst|clocked_reg:clocked_reg_inst|state_next[86]  ; clk          ; clk         ; 20.000       ; -0.081     ; 12.418     ;
; 7.552 ; aes_vhdl:encryption_inst|round_counter[3] ; decryption_aes:decryption_inst|clocked_reg:clocked_reg_inst|state_next[84]  ; clk          ; clk         ; 20.000       ; -0.083     ; 12.384     ;
; 7.614 ; aes_vhdl:encryption_inst|round_counter[3] ; decryption_aes:decryption_inst|clocked_reg:clocked_reg_inst|state_next[33]  ; clk          ; clk         ; 20.000       ; -0.099     ; 12.306     ;
; 7.622 ; aes_vhdl:encryption_inst|round_counter[3] ; decryption_aes:decryption_inst|clocked_reg:clocked_reg_inst|state_next[4]   ; clk          ; clk         ; 20.000       ; -0.088     ; 12.309     ;
; 7.636 ; aes_vhdl:encryption_inst|round_counter[2] ; decryption_aes:decryption_inst|clocked_reg:clocked_reg_inst|state_next[33]  ; clk          ; clk         ; 20.000       ; -0.099     ; 12.284     ;
; 7.661 ; aes_vhdl:encryption_inst|round_counter[2] ; aes_vhdl:encryption_inst|clocked_reg:clocked_reg_inst|state_next[121]       ; clk          ; clk         ; 20.000       ; -0.091     ; 12.267     ;
; 7.666 ; aes_vhdl:encryption_inst|round_counter[0] ; decryption_aes:decryption_inst|clocked_reg:clocked_reg_inst|state_next[2]   ; clk          ; clk         ; 20.000       ; -0.088     ; 12.265     ;
; 7.684 ; aes_vhdl:encryption_inst|round_counter[0] ; decryption_aes:decryption_inst|clocked_reg:clocked_reg_inst|state_next[33]  ; clk          ; clk         ; 20.000       ; -0.099     ; 12.236     ;
; 7.704 ; aes_vhdl:encryption_inst|round_counter[1] ; decryption_aes:decryption_inst|clocked_reg:clocked_reg_inst|state_next[1]   ; clk          ; clk         ; 20.000       ; -0.092     ; 12.223     ;
; 7.707 ; aes_vhdl:encryption_inst|round_counter[3] ; decryption_aes:decryption_inst|clocked_reg:clocked_reg_inst|state_next[112] ; clk          ; clk         ; 20.000       ; -0.093     ; 12.219     ;
; 7.719 ; aes_vhdl:encryption_inst|round_counter[1] ; decryption_aes:decryption_inst|clocked_reg:clocked_reg_inst|state_next[112] ; clk          ; clk         ; 20.000       ; -0.093     ; 12.207     ;
; 7.735 ; aes_vhdl:encryption_inst|round_counter[2] ; decryption_aes:decryption_inst|clocked_reg:clocked_reg_inst|state_next[4]   ; clk          ; clk         ; 20.000       ; -0.088     ; 12.196     ;
; 7.738 ; aes_vhdl:encryption_inst|round_counter[0] ; decryption_aes:decryption_inst|clocked_reg:clocked_reg_inst|state_next[84]  ; clk          ; clk         ; 20.000       ; -0.083     ; 12.198     ;
; 7.754 ; aes_vhdl:encryption_inst|round_counter[3] ; decryption_aes:decryption_inst|clocked_reg:clocked_reg_inst|state_next[103] ; clk          ; clk         ; 20.000       ; -0.088     ; 12.177     ;
; 7.756 ; aes_vhdl:encryption_inst|round_counter[3] ; aes_vhdl:encryption_inst|clocked_reg:clocked_reg_inst|state_next[121]       ; clk          ; clk         ; 20.000       ; -0.091     ; 12.172     ;
; 7.757 ; aes_vhdl:encryption_inst|round_counter[2] ; decryption_aes:decryption_inst|clocked_reg:clocked_reg_inst|state_next[26]  ; clk          ; clk         ; 20.000       ; -0.092     ; 12.170     ;
; 7.786 ; aes_vhdl:encryption_inst|round_counter[1] ; decryption_aes:decryption_inst|clocked_reg:clocked_reg_inst|state_next[84]  ; clk          ; clk         ; 20.000       ; -0.083     ; 12.150     ;
; 7.795 ; aes_vhdl:encryption_inst|round_counter[0] ; decryption_aes:decryption_inst|clocked_reg:clocked_reg_inst|state_next[4]   ; clk          ; clk         ; 20.000       ; -0.088     ; 12.136     ;
; 7.835 ; aes_vhdl:encryption_inst|round_counter[3] ; aes_vhdl:encryption_inst|clocked_reg:clocked_reg_inst|state_next[62]        ; clk          ; clk         ; 20.000       ; -0.086     ; 12.098     ;
; 7.862 ; aes_vhdl:encryption_inst|round_counter[2] ; decryption_aes:decryption_inst|clocked_reg:clocked_reg_inst|state_next[84]  ; clk          ; clk         ; 20.000       ; -0.083     ; 12.074     ;
; 7.869 ; aes_vhdl:encryption_inst|round_counter[2] ; decryption_aes:decryption_inst|clocked_reg:clocked_reg_inst|state_next[2]   ; clk          ; clk         ; 20.000       ; -0.088     ; 12.062     ;
; 7.871 ; aes_vhdl:encryption_inst|round_counter[3] ; aes_vhdl:encryption_inst|clocked_reg:clocked_reg_inst|state_next[42]        ; clk          ; clk         ; 20.000       ; -0.105     ; 12.043     ;
; 7.886 ; aes_vhdl:encryption_inst|round_counter[1] ; aes_vhdl:encryption_inst|clocked_reg:clocked_reg_inst|state_next[103]       ; clk          ; clk         ; 20.000       ; -0.083     ; 12.050     ;
; 7.890 ; aes_vhdl:encryption_inst|round_counter[0] ; aes_vhdl:encryption_inst|clocked_reg:clocked_reg_inst|state_next[113]       ; clk          ; clk         ; 20.000       ; -0.084     ; 12.045     ;
; 7.894 ; aes_vhdl:encryption_inst|round_counter[1] ; decryption_aes:decryption_inst|clocked_reg:clocked_reg_inst|state_next[2]   ; clk          ; clk         ; 20.000       ; -0.088     ; 12.037     ;
; 7.900 ; aes_vhdl:encryption_inst|round_counter[0] ; decryption_aes:decryption_inst|clocked_reg:clocked_reg_inst|state_next[112] ; clk          ; clk         ; 20.000       ; -0.093     ; 12.026     ;
; 7.920 ; aes_vhdl:encryption_inst|round_counter[1] ; decryption_aes:decryption_inst|clocked_reg:clocked_reg_inst|state_next[118] ; clk          ; clk         ; 20.000       ; -0.098     ; 12.001     ;
; 7.925 ; aes_vhdl:encryption_inst|round_counter[2] ; decryption_aes:decryption_inst|clocked_reg:clocked_reg_inst|state_next[103] ; clk          ; clk         ; 20.000       ; -0.088     ; 12.006     ;
; 7.948 ; aes_vhdl:encryption_inst|round_counter[3] ; aes_vhdl:encryption_inst|clocked_reg:clocked_reg_inst|state_next[16]        ; clk          ; clk         ; 20.000       ; -0.089     ; 11.982     ;
; 7.952 ; aes_vhdl:encryption_inst|round_counter[1] ; decryption_aes:decryption_inst|clocked_reg:clocked_reg_inst|state_next[103] ; clk          ; clk         ; 20.000       ; -0.088     ; 11.979     ;
; 7.968 ; aes_vhdl:encryption_inst|round_counter[1] ; decryption_aes:decryption_inst|clocked_reg:clocked_reg_inst|state_next[26]  ; clk          ; clk         ; 20.000       ; -0.092     ; 11.959     ;
; 7.969 ; aes_vhdl:encryption_inst|round_counter[3] ; aes_vhdl:encryption_inst|clocked_reg:clocked_reg_inst|state_next[41]        ; clk          ; clk         ; 20.000       ; -0.075     ; 11.975     ;
; 7.970 ; aes_vhdl:encryption_inst|round_counter[1] ; decryption_aes:decryption_inst|clocked_reg:clocked_reg_inst|state_next[113] ; clk          ; clk         ; 20.000       ; -0.098     ; 11.951     ;
; 7.975 ; aes_vhdl:encryption_inst|round_counter[0] ; decryption_aes:decryption_inst|clocked_reg:clocked_reg_inst|state_next[46]  ; clk          ; clk         ; 20.000       ; -0.099     ; 11.945     ;
; 7.982 ; aes_vhdl:encryption_inst|round_counter[0] ; decryption_aes:decryption_inst|clocked_reg:clocked_reg_inst|state_next[69]  ; clk          ; clk         ; 20.000       ; -0.080     ; 11.957     ;
; 7.985 ; aes_vhdl:encryption_inst|round_counter[3] ; decryption_aes:decryption_inst|clocked_reg:clocked_reg_inst|state_next[26]  ; clk          ; clk         ; 20.000       ; -0.092     ; 11.942     ;
; 7.994 ; aes_vhdl:encryption_inst|round_counter[0] ; decryption_aes:decryption_inst|clocked_reg:clocked_reg_inst|state_next[26]  ; clk          ; clk         ; 20.000       ; -0.092     ; 11.933     ;
; 8.017 ; aes_vhdl:encryption_inst|round_counter[0] ; aes_vhdl:encryption_inst|clocked_reg:clocked_reg_inst|state_next[19]        ; clk          ; clk         ; 20.000       ; -0.084     ; 11.918     ;
; 8.019 ; aes_vhdl:encryption_inst|round_counter[0] ; aes_vhdl:encryption_inst|clocked_reg:clocked_reg_inst|state_next[62]        ; clk          ; clk         ; 20.000       ; -0.086     ; 11.914     ;
; 8.023 ; aes_vhdl:encryption_inst|round_counter[1] ; decryption_aes:decryption_inst|clocked_reg:clocked_reg_inst|state_next[46]  ; clk          ; clk         ; 20.000       ; -0.099     ; 11.897     ;
; 8.028 ; aes_vhdl:encryption_inst|round_counter[2] ; decryption_aes:decryption_inst|clocked_reg:clocked_reg_inst|state_next[112] ; clk          ; clk         ; 20.000       ; -0.093     ; 11.898     ;
; 8.034 ; aes_vhdl:encryption_inst|round_counter[0] ; aes_vhdl:encryption_inst|clocked_reg:clocked_reg_inst|state_next[16]        ; clk          ; clk         ; 20.000       ; -0.089     ; 11.896     ;
; 8.050 ; aes_vhdl:encryption_inst|round_counter[3] ; aes_vhdl:encryption_inst|clocked_reg:clocked_reg_inst|state_next[19]        ; clk          ; clk         ; 20.000       ; -0.084     ; 11.885     ;
; 8.055 ; aes_vhdl:encryption_inst|round_counter[0] ; aes_vhdl:encryption_inst|clocked_reg:clocked_reg_inst|state_next[42]        ; clk          ; clk         ; 20.000       ; -0.105     ; 11.859     ;
; 8.059 ; aes_vhdl:encryption_inst|round_counter[1] ; decryption_aes:decryption_inst|clocked_reg:clocked_reg_inst|state_next[29]  ; clk          ; clk         ; 20.000       ; -0.098     ; 11.862     ;
; 8.068 ; aes_vhdl:encryption_inst|round_counter[3] ; decryption_aes:decryption_inst|clocked_reg:clocked_reg_inst|state_next[51]  ; clk          ; clk         ; 20.000       ; -0.099     ; 11.852     ;
; 8.069 ; aes_vhdl:encryption_inst|round_counter[2] ; decryption_aes:decryption_inst|clocked_reg:clocked_reg_inst|state_next[51]  ; clk          ; clk         ; 20.000       ; -0.099     ; 11.851     ;
; 8.075 ; aes_vhdl:encryption_inst|round_counter[0] ; aes_vhdl:encryption_inst|clocked_reg:clocked_reg_inst|state_next[100]       ; clk          ; clk         ; 20.000       ; -0.081     ; 11.863     ;
; 8.082 ; aes_vhdl:encryption_inst|round_counter[1] ; aes_vhdl:encryption_inst|clocked_reg:clocked_reg_inst|state_next[16]        ; clk          ; clk         ; 20.000       ; -0.089     ; 11.848     ;
; 8.091 ; aes_vhdl:encryption_inst|round_counter[0] ; decryption_aes:decryption_inst|clocked_reg:clocked_reg_inst|state_next[85]  ; clk          ; clk         ; 20.000       ; -0.080     ; 11.848     ;
; 8.092 ; aes_vhdl:encryption_inst|round_counter[0] ; aes_vhdl:encryption_inst|clocked_reg:clocked_reg_inst|state_next[41]        ; clk          ; clk         ; 20.000       ; -0.075     ; 11.852     ;
; 8.094 ; aes_vhdl:encryption_inst|round_counter[0] ; decryption_aes:decryption_inst|clocked_reg:clocked_reg_inst|state_next[103] ; clk          ; clk         ; 20.000       ; -0.088     ; 11.837     ;
; 8.095 ; aes_vhdl:encryption_inst|round_counter[1] ; aes_vhdl:encryption_inst|clocked_reg:clocked_reg_inst|state_next[121]       ; clk          ; clk         ; 20.000       ; -0.091     ; 11.833     ;
; 8.100 ; aes_vhdl:encryption_inst|round_counter[2] ; decryption_aes:decryption_inst|clocked_reg:clocked_reg_inst|state_next[29]  ; clk          ; clk         ; 20.000       ; -0.098     ; 11.821     ;
; 8.109 ; aes_vhdl:encryption_inst|round_counter[2] ; aes_vhdl:encryption_inst|clocked_reg:clocked_reg_inst|state_next[113]       ; clk          ; clk         ; 20.000       ; -0.084     ; 11.826     ;
; 8.114 ; aes_vhdl:encryption_inst|round_counter[2] ; decryption_aes:decryption_inst|clocked_reg:clocked_reg_inst|state_next[46]  ; clk          ; clk         ; 20.000       ; -0.099     ; 11.806     ;
; 8.119 ; aes_vhdl:encryption_inst|round_counter[0] ; decryption_aes:decryption_inst|clocked_reg:clocked_reg_inst|state_next[29]  ; clk          ; clk         ; 20.000       ; -0.098     ; 11.802     ;
; 8.134 ; aes_vhdl:encryption_inst|round_counter[1] ; decryption_aes:decryption_inst|clocked_reg:clocked_reg_inst|state_next[4]   ; clk          ; clk         ; 20.000       ; -0.088     ; 11.797     ;
; 8.136 ; aes_vhdl:encryption_inst|round_counter[0] ; decryption_aes:decryption_inst|clocked_reg:clocked_reg_inst|state_next[51]  ; clk          ; clk         ; 20.000       ; -0.099     ; 11.784     ;
; 8.137 ; aes_vhdl:encryption_inst|round_counter[1] ; aes_vhdl:encryption_inst|clocked_reg:clocked_reg_inst|state_next[110]       ; clk          ; clk         ; 20.000       ; -0.115     ; 11.767     ;
; 8.139 ; aes_vhdl:encryption_inst|round_counter[1] ; decryption_aes:decryption_inst|clocked_reg:clocked_reg_inst|state_next[85]  ; clk          ; clk         ; 20.000       ; -0.080     ; 11.800     ;
; 8.141 ; aes_vhdl:encryption_inst|round_counter[3] ; aes_vhdl:encryption_inst|clocked_reg:clocked_reg_inst|state_next[61]        ; clk          ; clk         ; 20.000       ; -0.073     ; 11.805     ;
; 8.147 ; aes_vhdl:encryption_inst|round_counter[3] ; decryption_aes:decryption_inst|clocked_reg:clocked_reg_inst|state_next[87]  ; clk          ; clk         ; 20.000       ; -0.102     ; 11.770     ;
; 8.175 ; aes_vhdl:encryption_inst|round_counter[3] ; aes_vhdl:encryption_inst|clocked_reg:clocked_reg_inst|state_next[103]       ; clk          ; clk         ; 20.000       ; -0.083     ; 11.761     ;
; 8.193 ; aes_vhdl:encryption_inst|round_counter[2] ; decryption_aes:decryption_inst|clocked_reg:clocked_reg_inst|state_next[73]  ; clk          ; clk         ; 20.000       ; -0.087     ; 11.739     ;
; 8.193 ; aes_vhdl:encryption_inst|round_counter[2] ; decryption_aes:decryption_inst|clocked_reg:clocked_reg_inst|state_next[85]  ; clk          ; clk         ; 20.000       ; -0.080     ; 11.746     ;
; 8.197 ; aes_vhdl:encryption_inst|round_counter[2] ; aes_vhdl:encryption_inst|clocked_reg:clocked_reg_inst|state_next[103]       ; clk          ; clk         ; 20.000       ; -0.083     ; 11.739     ;
; 8.200 ; aes_vhdl:encryption_inst|round_counter[1] ; aes_vhdl:encryption_inst|clocked_reg:clocked_reg_inst|state_next[41]        ; clk          ; clk         ; 20.000       ; -0.075     ; 11.744     ;
; 8.204 ; aes_vhdl:encryption_inst|round_counter[3] ; aes_vhdl:encryption_inst|clocked_reg:clocked_reg_inst|state_next[113]       ; clk          ; clk         ; 20.000       ; -0.084     ; 11.731     ;
; 8.209 ; aes_vhdl:encryption_inst|round_counter[3] ; decryption_aes:decryption_inst|clocked_reg:clocked_reg_inst|state_next[118] ; clk          ; clk         ; 20.000       ; -0.098     ; 11.712     ;
; 8.216 ; aes_vhdl:encryption_inst|round_counter[1] ; decryption_aes:decryption_inst|clocked_reg:clocked_reg_inst|state_next[51]  ; clk          ; clk         ; 20.000       ; -0.099     ; 11.704     ;
; 8.221 ; aes_vhdl:encryption_inst|round_counter[2] ; aes_vhdl:encryption_inst|clocked_reg:clocked_reg_inst|state_next[16]        ; clk          ; clk         ; 20.000       ; -0.089     ; 11.709     ;
; 8.226 ; aes_vhdl:encryption_inst|round_counter[1] ; decryption_aes:decryption_inst|clocked_reg:clocked_reg_inst|state_next[38]  ; clk          ; clk         ; 20.000       ; -0.106     ; 11.687     ;
; 8.226 ; aes_vhdl:encryption_inst|round_counter[2] ; decryption_aes:decryption_inst|clocked_reg:clocked_reg_inst|state_next[69]  ; clk          ; clk         ; 20.000       ; -0.080     ; 11.713     ;
; 8.231 ; aes_vhdl:encryption_inst|round_counter[2] ; decryption_aes:decryption_inst|clocked_reg:clocked_reg_inst|state_next[118] ; clk          ; clk         ; 20.000       ; -0.098     ; 11.690     ;
; 8.232 ; aes_vhdl:encryption_inst|round_counter[3] ; aes_vhdl:encryption_inst|clocked_reg:clocked_reg_inst|state_next[47]        ; clk          ; clk         ; 20.000       ; -0.104     ; 11.683     ;
; 8.245 ; aes_vhdl:encryption_inst|round_counter[0] ; aes_vhdl:encryption_inst|clocked_reg:clocked_reg_inst|state_next[103]       ; clk          ; clk         ; 20.000       ; -0.083     ; 11.691     ;
; 8.248 ; aes_vhdl:encryption_inst|round_counter[1] ; aes_vhdl:encryption_inst|clocked_reg:clocked_reg_inst|state_next[42]        ; clk          ; clk         ; 20.000       ; -0.105     ; 11.666     ;
; 8.250 ; aes_vhdl:encryption_inst|round_counter[3] ; decryption_aes:decryption_inst|clocked_reg:clocked_reg_inst|state_next[46]  ; clk          ; clk         ; 20.000       ; -0.099     ; 11.670     ;
; 8.251 ; aes_vhdl:encryption_inst|round_counter[0] ; decryption_aes:decryption_inst|clocked_reg:clocked_reg_inst|state_next[123] ; clk          ; clk         ; 20.000       ; -0.099     ; 11.669     ;
; 8.253 ; aes_vhdl:encryption_inst|round_counter[0] ; aes_vhdl:encryption_inst|clocked_reg:clocked_reg_inst|state_next[2]         ; clk          ; clk         ; 20.000       ; -0.090     ; 11.676     ;
; 8.259 ; aes_vhdl:encryption_inst|round_counter[3] ; decryption_aes:decryption_inst|clocked_reg:clocked_reg_inst|state_next[113] ; clk          ; clk         ; 20.000       ; -0.098     ; 11.662     ;
; 8.261 ; aes_vhdl:encryption_inst|round_counter[1] ; aes_vhdl:encryption_inst|clocked_reg:clocked_reg_inst|state_next[62]        ; clk          ; clk         ; 20.000       ; -0.086     ; 11.672     ;
; 8.264 ; aes_vhdl:encryption_inst|round_counter[3] ; decryption_aes:decryption_inst|clocked_reg:clocked_reg_inst|state_next[123] ; clk          ; clk         ; 20.000       ; -0.099     ; 11.656     ;
; 8.270 ; aes_vhdl:encryption_inst|round_counter[2] ; decryption_aes:decryption_inst|clocked_reg:clocked_reg_inst|state_next[113] ; clk          ; clk         ; 20.000       ; -0.098     ; 11.651     ;
; 8.277 ; aes_vhdl:encryption_inst|round_counter[3] ; aes_vhdl:encryption_inst|clocked_reg:clocked_reg_inst|state_next[8]         ; clk          ; clk         ; 20.000       ; -0.091     ; 11.651     ;
; 8.279 ; aes_vhdl:encryption_inst|round_counter[0] ; decryption_aes:decryption_inst|clocked_reg:clocked_reg_inst|state_next[118] ; clk          ; clk         ; 20.000       ; -0.098     ; 11.642     ;
; 8.286 ; aes_vhdl:encryption_inst|round_counter[3] ; aes_vhdl:encryption_inst|clocked_reg:clocked_reg_inst|state_next[2]         ; clk          ; clk         ; 20.000       ; -0.090     ; 11.643     ;
; 8.287 ; aes_vhdl:encryption_inst|round_counter[3] ; decryption_aes:decryption_inst|clocked_reg:clocked_reg_inst|state_next[29]  ; clk          ; clk         ; 20.000       ; -0.098     ; 11.634     ;
; 8.289 ; aes_vhdl:encryption_inst|round_counter[3] ; decryption_aes:decryption_inst|clocked_reg:clocked_reg_inst|state_next[97]  ; clk          ; clk         ; 20.000       ; -0.111     ; 11.619     ;
; 8.294 ; aes_vhdl:encryption_inst|round_counter[2] ; aes_vhdl:encryption_inst|clocked_reg:clocked_reg_inst|state_next[100]       ; clk          ; clk         ; 20.000       ; -0.081     ; 11.644     ;
+-------+-------------------------------------------+-----------------------------------------------------------------------------+--------------+-------------+--------------+------------+------------+


+-----------------------------------------------------------------------------------------------------------------------------------------------------------------------------------------------------------------------------------------+
; Slow 1200mV 0C Model Hold: 'clk'                                                                                                                                                                                                        ;
+-------+-----------------------------------------------------------------------------+-----------------------------------------------------------------------------+--------------+-------------+--------------+------------+------------+
; Slack ; From Node                                                                   ; To Node                                                                     ; Launch Clock ; Latch Clock ; Relationship ; Clock Skew ; Data Delay ;
+-------+-----------------------------------------------------------------------------+-----------------------------------------------------------------------------+--------------+-------------+--------------+------------+------------+
; 0.354 ; aes_vhdl:encryption_inst|round_counter[1]                                   ; aes_vhdl:encryption_inst|round_counter[1]                                   ; clk          ; clk         ; 0.000        ; 0.072      ; 0.597      ;
; 0.354 ; aes_vhdl:encryption_inst|round_counter[2]                                   ; aes_vhdl:encryption_inst|round_counter[2]                                   ; clk          ; clk         ; 0.000        ; 0.072      ; 0.597      ;
; 0.354 ; aes_vhdl:encryption_inst|round_counter[0]                                   ; aes_vhdl:encryption_inst|round_counter[0]                                   ; clk          ; clk         ; 0.000        ; 0.072      ; 0.597      ;
; 0.354 ; aes_vhdl:encryption_inst|round_counter[3]                                   ; aes_vhdl:encryption_inst|round_counter[3]                                   ; clk          ; clk         ; 0.000        ; 0.072      ; 0.597      ;
; 0.354 ; aes_vhdl:encryption_inst|clocked_reg:clocked_reg_inst|counter[3]            ; aes_vhdl:encryption_inst|clocked_reg:clocked_reg_inst|counter[3]            ; clk          ; clk         ; 0.000        ; 0.072      ; 0.597      ;
; 0.354 ; aes_vhdl:encryption_inst|clocked_reg:clocked_reg_inst|counter[2]            ; aes_vhdl:encryption_inst|clocked_reg:clocked_reg_inst|counter[2]            ; clk          ; clk         ; 0.000        ; 0.072      ; 0.597      ;
; 0.354 ; aes_vhdl:encryption_inst|clocked_reg:clocked_reg_inst|counter[0]            ; aes_vhdl:encryption_inst|clocked_reg:clocked_reg_inst|counter[0]            ; clk          ; clk         ; 0.000        ; 0.072      ; 0.597      ;
; 0.354 ; aes_vhdl:encryption_inst|clocked_reg:clocked_reg_inst|counter[1]            ; aes_vhdl:encryption_inst|clocked_reg:clocked_reg_inst|counter[1]            ; clk          ; clk         ; 0.000        ; 0.072      ; 0.597      ;
; 0.385 ; aes_vhdl:encryption_inst|clocked_reg:clocked_reg_inst|counter[2]            ; aes_vhdl:encryption_inst|clocked_reg:clocked_reg_inst|counter[3]            ; clk          ; clk         ; 0.000        ; 0.072      ; 0.628      ;
; 0.400 ; aes_vhdl:encryption_inst|clocked_reg:clocked_reg_inst|counter[0]            ; aes_vhdl:encryption_inst|clocked_reg:clocked_reg_inst|counter[2]            ; clk          ; clk         ; 0.000        ; 0.072      ; 0.643      ;
; 0.400 ; aes_vhdl:encryption_inst|clocked_reg:clocked_reg_inst|counter[0]            ; aes_vhdl:encryption_inst|clocked_reg:clocked_reg_inst|counter[1]            ; clk          ; clk         ; 0.000        ; 0.072      ; 0.643      ;
; 0.435 ; aes_vhdl:encryption_inst|round_counter[3]                                   ; aes_vhdl:encryption_inst|round_counter[1]                                   ; clk          ; clk         ; 0.000        ; 0.072      ; 0.678      ;
; 0.435 ; aes_vhdl:encryption_inst|round_counter[3]                                   ; aes_vhdl:encryption_inst|round_counter[0]                                   ; clk          ; clk         ; 0.000        ; 0.072      ; 0.678      ;
; 0.451 ; aes_vhdl:encryption_inst|round_counter[0]                                   ; aes_vhdl:encryption_inst|round_counter[2]                                   ; clk          ; clk         ; 0.000        ; 0.072      ; 0.694      ;
; 0.488 ; aes_vhdl:encryption_inst|round_counter[1]                                   ; aes_vhdl:encryption_inst|round_counter[3]                                   ; clk          ; clk         ; 0.000        ; 0.072      ; 0.731      ;
; 0.599 ; aes_vhdl:encryption_inst|clocked_reg:clocked_reg_inst|counter[1]            ; aes_vhdl:encryption_inst|clocked_reg:clocked_reg_inst|counter[3]            ; clk          ; clk         ; 0.000        ; 0.072      ; 0.842      ;
; 0.599 ; aes_vhdl:encryption_inst|clocked_reg:clocked_reg_inst|counter[1]            ; aes_vhdl:encryption_inst|clocked_reg:clocked_reg_inst|counter[2]            ; clk          ; clk         ; 0.000        ; 0.072      ; 0.842      ;
; 0.637 ; aes_vhdl:encryption_inst|round_counter[3]                                   ; aes_vhdl:encryption_inst|round_counter[2]                                   ; clk          ; clk         ; 0.000        ; 0.072      ; 0.880      ;
; 0.662 ; aes_vhdl:encryption_inst|round_counter[0]                                   ; aes_vhdl:encryption_inst|round_counter[3]                                   ; clk          ; clk         ; 0.000        ; 0.072      ; 0.905      ;
; 0.677 ; aes_vhdl:encryption_inst|round_counter[0]                                   ; aes_vhdl:encryption_inst|round_counter[1]                                   ; clk          ; clk         ; 0.000        ; 0.072      ; 0.920      ;
; 0.686 ; aes_vhdl:encryption_inst|round_counter[2]                                   ; aes_vhdl:encryption_inst|round_counter[3]                                   ; clk          ; clk         ; 0.000        ; 0.072      ; 0.929      ;
; 0.696 ; aes_vhdl:encryption_inst|round_counter[1]                                   ; aes_vhdl:encryption_inst|round_counter[2]                                   ; clk          ; clk         ; 0.000        ; 0.072      ; 0.939      ;
; 0.699 ; aes_vhdl:encryption_inst|round_counter[1]                                   ; aes_vhdl:encryption_inst|round_counter[0]                                   ; clk          ; clk         ; 0.000        ; 0.072      ; 0.942      ;
; 0.703 ; aes_vhdl:encryption_inst|round_counter[2]                                   ; aes_vhdl:encryption_inst|round_counter[0]                                   ; clk          ; clk         ; 0.000        ; 0.072      ; 0.946      ;
; 0.713 ; aes_vhdl:encryption_inst|round_counter[2]                                   ; aes_vhdl:encryption_inst|round_counter[1]                                   ; clk          ; clk         ; 0.000        ; 0.072      ; 0.956      ;
; 0.927 ; aes_vhdl:encryption_inst|clocked_reg:clocked_reg_inst|counter[0]            ; aes_vhdl:encryption_inst|clocked_reg:clocked_reg_inst|counter[3]            ; clk          ; clk         ; 0.000        ; 0.072      ; 1.170      ;
; 0.970 ; aes_vhdl:encryption_inst|clocked_reg:clocked_reg_inst|counter[3]            ; aes_vhdl:encryption_inst|clocked_reg:clocked_reg_inst|counter[0]            ; clk          ; clk         ; 0.000        ; 0.072      ; 1.213      ;
; 1.090 ; aes_vhdl:encryption_inst|clocked_reg:clocked_reg_inst|counter[1]            ; aes_vhdl:encryption_inst|clocked_reg:clocked_reg_inst|counter[0]            ; clk          ; clk         ; 0.000        ; 0.072      ; 1.333      ;
; 1.091 ; aes_vhdl:encryption_inst|clocked_reg:clocked_reg_inst|counter[2]            ; aes_vhdl:encryption_inst|clocked_reg:clocked_reg_inst|counter[0]            ; clk          ; clk         ; 0.000        ; 0.072      ; 1.334      ;
; 1.155 ; decryption_aes:decryption_inst|clocked_reg:clocked_reg_inst|state_next[29]  ; decryption_aes:decryption_inst|clocked_reg:clocked_reg_inst|state_next[27]  ; clk          ; clk         ; 0.000        ; 0.075      ; 1.401      ;
; 1.204 ; aes_vhdl:encryption_inst|clocked_reg:clocked_reg_inst|counter[3]            ; aes_vhdl:encryption_inst|clocked_reg:clocked_reg_inst|counter[1]            ; clk          ; clk         ; 0.000        ; 0.072      ; 1.447      ;
; 1.325 ; aes_vhdl:encryption_inst|clocked_reg:clocked_reg_inst|counter[2]            ; aes_vhdl:encryption_inst|clocked_reg:clocked_reg_inst|counter[1]            ; clk          ; clk         ; 0.000        ; 0.072      ; 1.568      ;
; 1.472 ; decryption_aes:decryption_inst|clocked_reg:clocked_reg_inst|state_next[29]  ; decryption_aes:decryption_inst|clocked_reg:clocked_reg_inst|state_next[28]  ; clk          ; clk         ; 0.000        ; 0.065      ; 1.708      ;
; 1.497 ; decryption_aes:decryption_inst|clocked_reg:clocked_reg_inst|state_next[29]  ; decryption_aes:decryption_inst|clocked_reg:clocked_reg_inst|state_next[25]  ; clk          ; clk         ; 0.000        ; 0.063      ; 1.731      ;
; 1.751 ; decryption_aes:decryption_inst|clocked_reg:clocked_reg_inst|state_next[86]  ; decryption_aes:decryption_inst|clocked_reg:clocked_reg_inst|state_next[54]  ; clk          ; clk         ; 0.000        ; 0.072      ; 1.994      ;
; 1.835 ; aes_vhdl:encryption_inst|clocked_reg:clocked_reg_inst|state_next[102]       ; aes_vhdl:encryption_inst|clocked_reg:clocked_reg_inst|state_next[70]        ; clk          ; clk         ; 0.000        ; 0.070      ; 2.076      ;
; 1.844 ; decryption_aes:decryption_inst|clocked_reg:clocked_reg_inst|state_next[58]  ; decryption_aes:decryption_inst|clocked_reg:clocked_reg_inst|state_next[56]  ; clk          ; clk         ; 0.000        ; 0.072      ; 2.087      ;
; 1.849 ; decryption_aes:decryption_inst|clocked_reg:clocked_reg_inst|state_next[29]  ; decryption_aes:decryption_inst|clocked_reg:clocked_reg_inst|state_next[24]  ; clk          ; clk         ; 0.000        ; 0.067      ; 2.087      ;
; 1.849 ; aes_vhdl:encryption_inst|clocked_reg:clocked_reg_inst|state_next[127]       ; aes_vhdl:encryption_inst|clocked_reg:clocked_reg_inst|state_next[122]       ; clk          ; clk         ; 0.000        ; 0.065      ; 2.085      ;
; 1.860 ; decryption_aes:decryption_inst|clocked_reg:clocked_reg_inst|state_next[85]  ; decryption_aes:decryption_inst|clocked_reg:clocked_reg_inst|state_next[94]  ; clk          ; clk         ; 0.000        ; 0.074      ; 2.105      ;
; 1.875 ; decryption_aes:decryption_inst|clocked_reg:clocked_reg_inst|state_next[110] ; decryption_aes:decryption_inst|clocked_reg:clocked_reg_inst|state_next[126] ; clk          ; clk         ; 0.000        ; 0.073      ; 2.119      ;
; 1.898 ; decryption_aes:decryption_inst|clocked_reg:clocked_reg_inst|state_next[86]  ; decryption_aes:decryption_inst|clocked_reg:clocked_reg_inst|state_next[48]  ; clk          ; clk         ; 0.000        ; 0.085      ; 2.154      ;
; 1.906 ; decryption_aes:decryption_inst|clocked_reg:clocked_reg_inst|state_next[94]  ; decryption_aes:decryption_inst|clocked_reg:clocked_reg_inst|state_next[94]  ; clk          ; clk         ; 0.000        ; 0.073      ; 2.150      ;
; 1.938 ; aes_vhdl:encryption_inst|round_counter[1]                                   ; aes_vhdl:encryption_inst|clocked_reg:clocked_reg_inst|state_next[113]       ; clk          ; clk         ; 0.000        ; 0.060      ; 2.169      ;
; 1.970 ; aes_vhdl:encryption_inst|round_counter[3]                                   ; aes_vhdl:encryption_inst|clocked_reg:clocked_reg_inst|state_next[113]       ; clk          ; clk         ; 0.000        ; 0.060      ; 2.201      ;
; 1.978 ; decryption_aes:decryption_inst|clocked_reg:clocked_reg_inst|state_next[29]  ; decryption_aes:decryption_inst|clocked_reg:clocked_reg_inst|state_next[29]  ; clk          ; clk         ; 0.000        ; 0.073      ; 2.222      ;
; 2.014 ; decryption_aes:decryption_inst|clocked_reg:clocked_reg_inst|state_next[101] ; decryption_aes:decryption_inst|clocked_reg:clocked_reg_inst|state_next[82]  ; clk          ; clk         ; 0.000        ; 0.082      ; 2.267      ;
; 2.021 ; decryption_aes:decryption_inst|clocked_reg:clocked_reg_inst|state_next[86]  ; decryption_aes:decryption_inst|clocked_reg:clocked_reg_inst|state_next[94]  ; clk          ; clk         ; 0.000        ; 0.075      ; 2.267      ;
; 2.023 ; decryption_aes:decryption_inst|clocked_reg:clocked_reg_inst|state_next[110] ; decryption_aes:decryption_inst|clocked_reg:clocked_reg_inst|state_next[120] ; clk          ; clk         ; 0.000        ; 0.069      ; 2.263      ;
; 2.036 ; decryption_aes:decryption_inst|clocked_reg:clocked_reg_inst|state_next[30]  ; decryption_aes:decryption_inst|clocked_reg:clocked_reg_inst|state_next[30]  ; clk          ; clk         ; 0.000        ; 0.072      ; 2.279      ;
; 2.048 ; aes_vhdl:encryption_inst|round_counter[1]                                   ; aes_vhdl:encryption_inst|clocked_reg:clocked_reg_inst|state_next[19]        ; clk          ; clk         ; 0.000        ; 0.060      ; 2.279      ;
; 2.054 ; decryption_aes:decryption_inst|clocked_reg:clocked_reg_inst|state_next[27]  ; decryption_aes:decryption_inst|clocked_reg:clocked_reg_inst|state_next[31]  ; clk          ; clk         ; 0.000        ; 0.073      ; 2.298      ;
; 2.055 ; decryption_aes:decryption_inst|clocked_reg:clocked_reg_inst|state_next[26]  ; decryption_aes:decryption_inst|clocked_reg:clocked_reg_inst|state_next[28]  ; clk          ; clk         ; 0.000        ; 0.059      ; 2.285      ;
; 2.080 ; aes_vhdl:encryption_inst|round_counter[3]                                   ; aes_vhdl:encryption_inst|clocked_reg:clocked_reg_inst|state_next[19]        ; clk          ; clk         ; 0.000        ; 0.060      ; 2.311      ;
; 2.086 ; decryption_aes:decryption_inst|clocked_reg:clocked_reg_inst|state_next[110] ; decryption_aes:decryption_inst|clocked_reg:clocked_reg_inst|state_next[41]  ; clk          ; clk         ; 0.000        ; 0.063      ; 2.320      ;
; 2.095 ; decryption_aes:decryption_inst|clocked_reg:clocked_reg_inst|state_next[110] ; decryption_aes:decryption_inst|clocked_reg:clocked_reg_inst|state_next[40]  ; clk          ; clk         ; 0.000        ; 0.062      ; 2.328      ;
; 2.101 ; aes_vhdl:encryption_inst|clocked_reg:clocked_reg_inst|state_next[59]        ; aes_vhdl:encryption_inst|clocked_reg:clocked_reg_inst|state_next[60]        ; clk          ; clk         ; 0.000        ; 0.068      ; 2.340      ;
; 2.116 ; decryption_aes:decryption_inst|clocked_reg:clocked_reg_inst|state_next[30]  ; decryption_aes:decryption_inst|clocked_reg:clocked_reg_inst|state_next[24]  ; clk          ; clk         ; 0.000        ; 0.072      ; 2.359      ;
; 2.131 ; decryption_aes:decryption_inst|clocked_reg:clocked_reg_inst|state_next[110] ; decryption_aes:decryption_inst|clocked_reg:clocked_reg_inst|state_next[42]  ; clk          ; clk         ; 0.000        ; 0.065      ; 2.367      ;
; 2.137 ; decryption_aes:decryption_inst|clocked_reg:clocked_reg_inst|state_next[85]  ; decryption_aes:decryption_inst|clocked_reg:clocked_reg_inst|state_next[89]  ; clk          ; clk         ; 0.000        ; 0.086      ; 2.394      ;
; 2.156 ; decryption_aes:decryption_inst|clocked_reg:clocked_reg_inst|state_next[110] ; decryption_aes:decryption_inst|clocked_reg:clocked_reg_inst|state_next[44]  ; clk          ; clk         ; 0.000        ; 0.056      ; 2.383      ;
; 2.165 ; decryption_aes:decryption_inst|clocked_reg:clocked_reg_inst|state_next[29]  ; decryption_aes:decryption_inst|clocked_reg:clocked_reg_inst|state_next[31]  ; clk          ; clk         ; 0.000        ; 0.075      ; 2.411      ;
; 2.169 ; decryption_aes:decryption_inst|clocked_reg:clocked_reg_inst|state_next[28]  ; decryption_aes:decryption_inst|clocked_reg:clocked_reg_inst|state_next[31]  ; clk          ; clk         ; 0.000        ; 0.082      ; 2.422      ;
; 2.175 ; aes_vhdl:encryption_inst|round_counter[1]                                   ; decryption_aes:decryption_inst|clocked_reg:clocked_reg_inst|state_next[80]  ; clk          ; clk         ; 0.000        ; 0.099      ; 2.445      ;
; 2.181 ; decryption_aes:decryption_inst|clocked_reg:clocked_reg_inst|state_next[110] ; decryption_aes:decryption_inst|clocked_reg:clocked_reg_inst|state_next[121] ; clk          ; clk         ; 0.000        ; 0.070      ; 2.422      ;
; 2.183 ; decryption_aes:decryption_inst|clocked_reg:clocked_reg_inst|state_next[94]  ; decryption_aes:decryption_inst|clocked_reg:clocked_reg_inst|state_next[89]  ; clk          ; clk         ; 0.000        ; 0.085      ; 2.439      ;
; 2.187 ; decryption_aes:decryption_inst|clocked_reg:clocked_reg_inst|state_next[31]  ; decryption_aes:decryption_inst|clocked_reg:clocked_reg_inst|state_next[31]  ; clk          ; clk         ; 0.000        ; 0.073      ; 2.431      ;
; 2.188 ; decryption_aes:decryption_inst|clocked_reg:clocked_reg_inst|state_next[29]  ; decryption_aes:decryption_inst|clocked_reg:clocked_reg_inst|state_next[30]  ; clk          ; clk         ; 0.000        ; 0.067      ; 2.426      ;
; 2.199 ; decryption_aes:decryption_inst|clocked_reg:clocked_reg_inst|state_next[93]  ; decryption_aes:decryption_inst|clocked_reg:clocked_reg_inst|state_next[92]  ; clk          ; clk         ; 0.000        ; 0.087      ; 2.457      ;
; 2.207 ; aes_vhdl:encryption_inst|round_counter[0]                                   ; aes_vhdl:encryption_inst|clocked_reg:clocked_reg_inst|state_next[113]       ; clk          ; clk         ; 0.000        ; 0.060      ; 2.438      ;
; 2.213 ; decryption_aes:decryption_inst|clocked_reg:clocked_reg_inst|state_next[26]  ; decryption_aes:decryption_inst|clocked_reg:clocked_reg_inst|state_next[27]  ; clk          ; clk         ; 0.000        ; 0.069      ; 2.453      ;
; 2.218 ; decryption_aes:decryption_inst|clocked_reg:clocked_reg_inst|state_next[58]  ; decryption_aes:decryption_inst|clocked_reg:clocked_reg_inst|state_next[60]  ; clk          ; clk         ; 0.000        ; 0.069      ; 2.458      ;
; 2.223 ; decryption_aes:decryption_inst|clocked_reg:clocked_reg_inst|state_next[93]  ; decryption_aes:decryption_inst|clocked_reg:clocked_reg_inst|state_next[90]  ; clk          ; clk         ; 0.000        ; 0.073      ; 2.467      ;
; 2.240 ; aes_vhdl:encryption_inst|clocked_reg:clocked_reg_inst|state_next[123]       ; aes_vhdl:encryption_inst|clocked_reg:clocked_reg_inst|state_next[124]       ; clk          ; clk         ; 0.000        ; 0.072      ; 2.483      ;
; 2.244 ; aes_vhdl:encryption_inst|round_counter[2]                                   ; decryption_aes:decryption_inst|clocked_reg:clocked_reg_inst|state_next[80]  ; clk          ; clk         ; 0.000        ; 0.099      ; 2.514      ;
; 2.250 ; decryption_aes:decryption_inst|clocked_reg:clocked_reg_inst|state_next[46]  ; decryption_aes:decryption_inst|clocked_reg:clocked_reg_inst|state_next[104] ; clk          ; clk         ; 0.000        ; 0.077      ; 2.498      ;
; 2.253 ; decryption_aes:decryption_inst|clocked_reg:clocked_reg_inst|state_next[109] ; decryption_aes:decryption_inst|clocked_reg:clocked_reg_inst|state_next[42]  ; clk          ; clk         ; 0.000        ; 0.068      ; 2.492      ;
; 2.259 ; aes_vhdl:encryption_inst|round_counter[3]                                   ; decryption_aes:decryption_inst|clocked_reg:clocked_reg_inst|state_next[80]  ; clk          ; clk         ; 0.000        ; 0.099      ; 2.529      ;
; 2.281 ; decryption_aes:decryption_inst|clocked_reg:clocked_reg_inst|state_next[58]  ; decryption_aes:decryption_inst|clocked_reg:clocked_reg_inst|state_next[61]  ; clk          ; clk         ; 0.000        ; 0.065      ; 2.517      ;
; 2.282 ; decryption_aes:decryption_inst|clocked_reg:clocked_reg_inst|state_next[29]  ; decryption_aes:decryption_inst|clocked_reg:clocked_reg_inst|state_next[26]  ; clk          ; clk         ; 0.000        ; 0.078      ; 2.531      ;
; 2.285 ; decryption_aes:decryption_inst|clocked_reg:clocked_reg_inst|state_next[58]  ; decryption_aes:decryption_inst|clocked_reg:clocked_reg_inst|state_next[58]  ; clk          ; clk         ; 0.000        ; 0.072      ; 2.528      ;
; 2.296 ; aes_vhdl:encryption_inst|clocked_reg:clocked_reg_inst|state_next[119]       ; aes_vhdl:encryption_inst|clocked_reg:clocked_reg_inst|state_next[21]        ; clk          ; clk         ; 0.000        ; 0.066      ; 2.533      ;
; 2.298 ; decryption_aes:decryption_inst|clocked_reg:clocked_reg_inst|state_next[86]  ; decryption_aes:decryption_inst|clocked_reg:clocked_reg_inst|state_next[89]  ; clk          ; clk         ; 0.000        ; 0.087      ; 2.556      ;
; 2.299 ; aes_vhdl:encryption_inst|clocked_reg:clocked_reg_inst|state_next[77]        ; aes_vhdl:encryption_inst|clocked_reg:clocked_reg_inst|state_next[15]        ; clk          ; clk         ; 0.000        ; 0.084      ; 2.554      ;
; 2.304 ; aes_vhdl:encryption_inst|round_counter[1]                                   ; decryption_aes:decryption_inst|clocked_reg:clocked_reg_inst|state_next[82]  ; clk          ; clk         ; 0.000        ; 0.099      ; 2.574      ;
; 2.306 ; aes_vhdl:encryption_inst|clocked_reg:clocked_reg_inst|state_next[28]        ; aes_vhdl:encryption_inst|clocked_reg:clocked_reg_inst|state_next[27]        ; clk          ; clk         ; 0.000        ; 0.099      ; 2.576      ;
; 2.317 ; aes_vhdl:encryption_inst|round_counter[0]                                   ; aes_vhdl:encryption_inst|clocked_reg:clocked_reg_inst|state_next[19]        ; clk          ; clk         ; 0.000        ; 0.060      ; 2.548      ;
; 2.320 ; aes_vhdl:encryption_inst|clocked_reg:clocked_reg_inst|state_next[30]        ; aes_vhdl:encryption_inst|clocked_reg:clocked_reg_inst|state_next[27]        ; clk          ; clk         ; 0.000        ; 0.097      ; 2.588      ;
; 2.327 ; decryption_aes:decryption_inst|clocked_reg:clocked_reg_inst|state_next[86]  ; decryption_aes:decryption_inst|clocked_reg:clocked_reg_inst|state_next[49]  ; clk          ; clk         ; 0.000        ; 0.070      ; 2.568      ;
; 2.333 ; aes_vhdl:encryption_inst|clocked_reg:clocked_reg_inst|state_next[103]       ; aes_vhdl:encryption_inst|clocked_reg:clocked_reg_inst|state_next[70]        ; clk          ; clk         ; 0.000        ; 0.070      ; 2.574      ;
; 2.350 ; aes_vhdl:encryption_inst|clocked_reg:clocked_reg_inst|state_next[102]       ; aes_vhdl:encryption_inst|clocked_reg:clocked_reg_inst|state_next[78]        ; clk          ; clk         ; 0.000        ; 0.070      ; 2.591      ;
; 2.353 ; aes_vhdl:encryption_inst|round_counter[2]                                   ; aes_vhdl:encryption_inst|clocked_reg:clocked_reg_inst|state_next[113]       ; clk          ; clk         ; 0.000        ; 0.060      ; 2.584      ;
; 2.359 ; decryption_aes:decryption_inst|clocked_reg:clocked_reg_inst|state_next[110] ; decryption_aes:decryption_inst|clocked_reg:clocked_reg_inst|state_next[45]  ; clk          ; clk         ; 0.000        ; 0.071      ; 2.601      ;
; 2.380 ; decryption_aes:decryption_inst|clocked_reg:clocked_reg_inst|state_next[56]  ; decryption_aes:decryption_inst|clocked_reg:clocked_reg_inst|state_next[57]  ; clk          ; clk         ; 0.000        ; 0.066      ; 2.617      ;
; 2.381 ; aes_vhdl:encryption_inst|clocked_reg:clocked_reg_inst|state_next[119]       ; aes_vhdl:encryption_inst|clocked_reg:clocked_reg_inst|state_next[29]        ; clk          ; clk         ; 0.000        ; 0.066      ; 2.618      ;
; 2.382 ; decryption_aes:decryption_inst|clocked_reg:clocked_reg_inst|state_next[46]  ; decryption_aes:decryption_inst|clocked_reg:clocked_reg_inst|state_next[56]  ; clk          ; clk         ; 0.000        ; 0.070      ; 2.623      ;
; 2.388 ; aes_vhdl:encryption_inst|round_counter[0]                                   ; decryption_aes:decryption_inst|clocked_reg:clocked_reg_inst|state_next[80]  ; clk          ; clk         ; 0.000        ; 0.099      ; 2.658      ;
; 2.388 ; aes_vhdl:encryption_inst|round_counter[3]                                   ; decryption_aes:decryption_inst|clocked_reg:clocked_reg_inst|state_next[82]  ; clk          ; clk         ; 0.000        ; 0.099      ; 2.658      ;
; 2.391 ; aes_vhdl:encryption_inst|clocked_reg:clocked_reg_inst|state_next[23]        ; aes_vhdl:encryption_inst|clocked_reg:clocked_reg_inst|state_next[50]        ; clk          ; clk         ; 0.000        ; 0.074      ; 2.636      ;
; 2.391 ; aes_vhdl:encryption_inst|round_counter[2]                                   ; decryption_aes:decryption_inst|clocked_reg:clocked_reg_inst|state_next[82]  ; clk          ; clk         ; 0.000        ; 0.099      ; 2.661      ;
+-------+-----------------------------------------------------------------------------+-----------------------------------------------------------------------------+--------------+-------------+--------------+------------+------------+


----------------------------------------------
; Slow 1200mV 0C Model Metastability Summary ;
----------------------------------------------
No synchronizer chains to report.


+------------------------------------+
; Fast 1200mV 0C Model Setup Summary ;
+-------+--------+-------------------+
; Clock ; Slack  ; End Point TNS     ;
+-------+--------+-------------------+
; clk   ; 12.791 ; 0.000             ;
+-------+--------+-------------------+


+-----------------------------------+
; Fast 1200mV 0C Model Hold Summary ;
+-------+-------+-------------------+
; Clock ; Slack ; End Point TNS     ;
+-------+-------+-------------------+
; clk   ; 0.181 ; 0.000             ;
+-------+-------+-------------------+


-----------------------------------------
; Fast 1200mV 0C Model Recovery Summary ;
-----------------------------------------
No paths to report.


----------------------------------------
; Fast 1200mV 0C Model Removal Summary ;
----------------------------------------
No paths to report.


+--------------------------------------------------+
; Fast 1200mV 0C Model Minimum Pulse Width Summary ;
+-------+-------+----------------------------------+
; Clock ; Slack ; End Point TNS                    ;
+-------+-------+----------------------------------+
; clk   ; 9.436 ; 0.000                            ;
+-------+-------+----------------------------------+


+--------------------------------------------------------------------------------------------------------------------------------------------------------------------------------------------------------+
; Fast 1200mV 0C Model Setup: 'clk'                                                                                                                                                                      ;
+--------+-------------------------------------------+-----------------------------------------------------------------------------+--------------+-------------+--------------+------------+------------+
; Slack  ; From Node                                 ; To Node                                                                     ; Launch Clock ; Latch Clock ; Relationship ; Clock Skew ; Data Delay ;
+--------+-------------------------------------------+-----------------------------------------------------------------------------+--------------+-------------+--------------+------------+------------+
; 12.791 ; aes_vhdl:encryption_inst|round_counter[0] ; aes_vhdl:encryption_inst|clocked_reg:clocked_reg_inst|state_next[121]       ; clk          ; clk         ; 20.000       ; -0.059     ; 7.157      ;
; 12.803 ; aes_vhdl:encryption_inst|round_counter[2] ; decryption_aes:decryption_inst|clocked_reg:clocked_reg_inst|state_next[86]  ; clk          ; clk         ; 20.000       ; -0.048     ; 7.156      ;
; 12.836 ; aes_vhdl:encryption_inst|round_counter[3] ; decryption_aes:decryption_inst|clocked_reg:clocked_reg_inst|state_next[1]   ; clk          ; clk         ; 20.000       ; -0.056     ; 7.115      ;
; 12.858 ; aes_vhdl:encryption_inst|round_counter[2] ; aes_vhdl:encryption_inst|clocked_reg:clocked_reg_inst|state_next[121]       ; clk          ; clk         ; 20.000       ; -0.059     ; 7.090      ;
; 12.859 ; aes_vhdl:encryption_inst|round_counter[0] ; decryption_aes:decryption_inst|clocked_reg:clocked_reg_inst|state_next[86]  ; clk          ; clk         ; 20.000       ; -0.048     ; 7.100      ;
; 12.892 ; aes_vhdl:encryption_inst|round_counter[0] ; decryption_aes:decryption_inst|clocked_reg:clocked_reg_inst|state_next[1]   ; clk          ; clk         ; 20.000       ; -0.056     ; 7.059      ;
; 12.921 ; aes_vhdl:encryption_inst|round_counter[1] ; decryption_aes:decryption_inst|clocked_reg:clocked_reg_inst|state_next[33]  ; clk          ; clk         ; 20.000       ; -0.063     ; 7.023      ;
; 12.937 ; aes_vhdl:encryption_inst|round_counter[3] ; aes_vhdl:encryption_inst|clocked_reg:clocked_reg_inst|state_next[121]       ; clk          ; clk         ; 20.000       ; -0.059     ; 7.011      ;
; 12.947 ; aes_vhdl:encryption_inst|round_counter[3] ; decryption_aes:decryption_inst|clocked_reg:clocked_reg_inst|state_next[103] ; clk          ; clk         ; 20.000       ; -0.054     ; 7.006      ;
; 12.953 ; aes_vhdl:encryption_inst|round_counter[2] ; decryption_aes:decryption_inst|clocked_reg:clocked_reg_inst|state_next[1]   ; clk          ; clk         ; 20.000       ; -0.056     ; 6.998      ;
; 12.960 ; aes_vhdl:encryption_inst|round_counter[3] ; decryption_aes:decryption_inst|clocked_reg:clocked_reg_inst|state_next[84]  ; clk          ; clk         ; 20.000       ; -0.049     ; 6.998      ;
; 12.974 ; aes_vhdl:encryption_inst|round_counter[3] ; decryption_aes:decryption_inst|clocked_reg:clocked_reg_inst|state_next[86]  ; clk          ; clk         ; 20.000       ; -0.048     ; 6.985      ;
; 13.006 ; aes_vhdl:encryption_inst|round_counter[3] ; decryption_aes:decryption_inst|clocked_reg:clocked_reg_inst|state_next[2]   ; clk          ; clk         ; 20.000       ; -0.057     ; 6.944      ;
; 13.033 ; aes_vhdl:encryption_inst|round_counter[3] ; aes_vhdl:encryption_inst|clocked_reg:clocked_reg_inst|state_next[62]        ; clk          ; clk         ; 20.000       ; -0.054     ; 6.920      ;
; 13.037 ; aes_vhdl:encryption_inst|round_counter[1] ; decryption_aes:decryption_inst|clocked_reg:clocked_reg_inst|state_next[86]  ; clk          ; clk         ; 20.000       ; -0.048     ; 6.922      ;
; 13.041 ; aes_vhdl:encryption_inst|round_counter[3] ; decryption_aes:decryption_inst|clocked_reg:clocked_reg_inst|state_next[112] ; clk          ; clk         ; 20.000       ; -0.057     ; 6.909      ;
; 13.041 ; aes_vhdl:encryption_inst|round_counter[0] ; decryption_aes:decryption_inst|clocked_reg:clocked_reg_inst|state_next[84]  ; clk          ; clk         ; 20.000       ; -0.049     ; 6.917      ;
; 13.090 ; aes_vhdl:encryption_inst|round_counter[1] ; decryption_aes:decryption_inst|clocked_reg:clocked_reg_inst|state_next[112] ; clk          ; clk         ; 20.000       ; -0.057     ; 6.860      ;
; 13.105 ; aes_vhdl:encryption_inst|round_counter[2] ; decryption_aes:decryption_inst|clocked_reg:clocked_reg_inst|state_next[33]  ; clk          ; clk         ; 20.000       ; -0.063     ; 6.839      ;
; 13.111 ; aes_vhdl:encryption_inst|round_counter[1] ; decryption_aes:decryption_inst|clocked_reg:clocked_reg_inst|state_next[1]   ; clk          ; clk         ; 20.000       ; -0.056     ; 6.840      ;
; 13.113 ; aes_vhdl:encryption_inst|round_counter[0] ; decryption_aes:decryption_inst|clocked_reg:clocked_reg_inst|state_next[33]  ; clk          ; clk         ; 20.000       ; -0.063     ; 6.831      ;
; 13.114 ; aes_vhdl:encryption_inst|round_counter[1] ; decryption_aes:decryption_inst|clocked_reg:clocked_reg_inst|state_next[103] ; clk          ; clk         ; 20.000       ; -0.054     ; 6.839      ;
; 13.118 ; aes_vhdl:encryption_inst|round_counter[1] ; decryption_aes:decryption_inst|clocked_reg:clocked_reg_inst|state_next[84]  ; clk          ; clk         ; 20.000       ; -0.049     ; 6.840      ;
; 13.123 ; aes_vhdl:encryption_inst|round_counter[0] ; aes_vhdl:encryption_inst|clocked_reg:clocked_reg_inst|state_next[113]       ; clk          ; clk         ; 20.000       ; -0.054     ; 6.830      ;
; 13.124 ; aes_vhdl:encryption_inst|round_counter[3] ; decryption_aes:decryption_inst|clocked_reg:clocked_reg_inst|state_next[4]   ; clk          ; clk         ; 20.000       ; -0.054     ; 6.829      ;
; 13.133 ; aes_vhdl:encryption_inst|round_counter[3] ; aes_vhdl:encryption_inst|clocked_reg:clocked_reg_inst|state_next[41]        ; clk          ; clk         ; 20.000       ; -0.045     ; 6.829      ;
; 13.140 ; aes_vhdl:encryption_inst|round_counter[2] ; decryption_aes:decryption_inst|clocked_reg:clocked_reg_inst|state_next[84]  ; clk          ; clk         ; 20.000       ; -0.049     ; 6.818      ;
; 13.142 ; aes_vhdl:encryption_inst|round_counter[0] ; decryption_aes:decryption_inst|clocked_reg:clocked_reg_inst|state_next[2]   ; clk          ; clk         ; 20.000       ; -0.057     ; 6.808      ;
; 13.157 ; aes_vhdl:encryption_inst|round_counter[3] ; aes_vhdl:encryption_inst|clocked_reg:clocked_reg_inst|state_next[42]        ; clk          ; clk         ; 20.000       ; -0.065     ; 6.785      ;
; 13.159 ; aes_vhdl:encryption_inst|round_counter[1] ; aes_vhdl:encryption_inst|clocked_reg:clocked_reg_inst|state_next[121]       ; clk          ; clk         ; 20.000       ; -0.059     ; 6.789      ;
; 13.164 ; aes_vhdl:encryption_inst|round_counter[2] ; decryption_aes:decryption_inst|clocked_reg:clocked_reg_inst|state_next[103] ; clk          ; clk         ; 20.000       ; -0.054     ; 6.789      ;
; 13.164 ; aes_vhdl:encryption_inst|round_counter[3] ; decryption_aes:decryption_inst|clocked_reg:clocked_reg_inst|state_next[33]  ; clk          ; clk         ; 20.000       ; -0.063     ; 6.780      ;
; 13.166 ; aes_vhdl:encryption_inst|round_counter[3] ; aes_vhdl:encryption_inst|clocked_reg:clocked_reg_inst|state_next[16]        ; clk          ; clk         ; 20.000       ; -0.055     ; 6.786      ;
; 13.172 ; aes_vhdl:encryption_inst|round_counter[0] ; aes_vhdl:encryption_inst|clocked_reg:clocked_reg_inst|state_next[100]       ; clk          ; clk         ; 20.000       ; -0.047     ; 6.788      ;
; 13.172 ; aes_vhdl:encryption_inst|round_counter[1] ; aes_vhdl:encryption_inst|clocked_reg:clocked_reg_inst|state_next[103]       ; clk          ; clk         ; 20.000       ; -0.049     ; 6.786      ;
; 13.180 ; aes_vhdl:encryption_inst|round_counter[0] ; decryption_aes:decryption_inst|clocked_reg:clocked_reg_inst|state_next[4]   ; clk          ; clk         ; 20.000       ; -0.054     ; 6.773      ;
; 13.182 ; aes_vhdl:encryption_inst|round_counter[0] ; aes_vhdl:encryption_inst|clocked_reg:clocked_reg_inst|state_next[62]        ; clk          ; clk         ; 20.000       ; -0.054     ; 6.771      ;
; 13.190 ; aes_vhdl:encryption_inst|round_counter[2] ; aes_vhdl:encryption_inst|clocked_reg:clocked_reg_inst|state_next[113]       ; clk          ; clk         ; 20.000       ; -0.054     ; 6.763      ;
; 13.199 ; aes_vhdl:encryption_inst|round_counter[0] ; decryption_aes:decryption_inst|clocked_reg:clocked_reg_inst|state_next[103] ; clk          ; clk         ; 20.000       ; -0.054     ; 6.754      ;
; 13.203 ; aes_vhdl:encryption_inst|round_counter[0] ; decryption_aes:decryption_inst|clocked_reg:clocked_reg_inst|state_next[112] ; clk          ; clk         ; 20.000       ; -0.057     ; 6.747      ;
; 13.204 ; aes_vhdl:encryption_inst|round_counter[0] ; aes_vhdl:encryption_inst|clocked_reg:clocked_reg_inst|state_next[16]        ; clk          ; clk         ; 20.000       ; -0.055     ; 6.748      ;
; 13.222 ; aes_vhdl:encryption_inst|round_counter[0] ; decryption_aes:decryption_inst|clocked_reg:clocked_reg_inst|state_next[69]  ; clk          ; clk         ; 20.000       ; -0.048     ; 6.737      ;
; 13.235 ; aes_vhdl:encryption_inst|round_counter[2] ; decryption_aes:decryption_inst|clocked_reg:clocked_reg_inst|state_next[26]  ; clk          ; clk         ; 20.000       ; -0.056     ; 6.716      ;
; 13.238 ; aes_vhdl:encryption_inst|round_counter[0] ; decryption_aes:decryption_inst|clocked_reg:clocked_reg_inst|state_next[46]  ; clk          ; clk         ; 20.000       ; -0.063     ; 6.706      ;
; 13.239 ; aes_vhdl:encryption_inst|round_counter[2] ; aes_vhdl:encryption_inst|clocked_reg:clocked_reg_inst|state_next[100]       ; clk          ; clk         ; 20.000       ; -0.047     ; 6.721      ;
; 13.241 ; aes_vhdl:encryption_inst|round_counter[2] ; decryption_aes:decryption_inst|clocked_reg:clocked_reg_inst|state_next[4]   ; clk          ; clk         ; 20.000       ; -0.054     ; 6.712      ;
; 13.242 ; aes_vhdl:encryption_inst|round_counter[1] ; aes_vhdl:encryption_inst|clocked_reg:clocked_reg_inst|state_next[41]        ; clk          ; clk         ; 20.000       ; -0.045     ; 6.720      ;
; 13.244 ; aes_vhdl:encryption_inst|round_counter[1] ; decryption_aes:decryption_inst|clocked_reg:clocked_reg_inst|state_next[118] ; clk          ; clk         ; 20.000       ; -0.060     ; 6.703      ;
; 13.246 ; aes_vhdl:encryption_inst|round_counter[0] ; aes_vhdl:encryption_inst|clocked_reg:clocked_reg_inst|state_next[19]        ; clk          ; clk         ; 20.000       ; -0.054     ; 6.707      ;
; 13.248 ; aes_vhdl:encryption_inst|round_counter[3] ; aes_vhdl:encryption_inst|clocked_reg:clocked_reg_inst|state_next[19]        ; clk          ; clk         ; 20.000       ; -0.054     ; 6.705      ;
; 13.261 ; aes_vhdl:encryption_inst|round_counter[3] ; decryption_aes:decryption_inst|clocked_reg:clocked_reg_inst|state_next[87]  ; clk          ; clk         ; 20.000       ; -0.063     ; 6.683      ;
; 13.264 ; aes_vhdl:encryption_inst|round_counter[2] ; decryption_aes:decryption_inst|clocked_reg:clocked_reg_inst|state_next[112] ; clk          ; clk         ; 20.000       ; -0.057     ; 6.686      ;
; 13.267 ; aes_vhdl:encryption_inst|round_counter[2] ; decryption_aes:decryption_inst|clocked_reg:clocked_reg_inst|state_next[2]   ; clk          ; clk         ; 20.000       ; -0.057     ; 6.683      ;
; 13.268 ; aes_vhdl:encryption_inst|round_counter[1] ; aes_vhdl:encryption_inst|clocked_reg:clocked_reg_inst|state_next[16]        ; clk          ; clk         ; 20.000       ; -0.055     ; 6.684      ;
; 13.269 ; aes_vhdl:encryption_inst|round_counter[3] ; aes_vhdl:encryption_inst|clocked_reg:clocked_reg_inst|state_next[113]       ; clk          ; clk         ; 20.000       ; -0.054     ; 6.684      ;
; 13.270 ; aes_vhdl:encryption_inst|round_counter[0] ; aes_vhdl:encryption_inst|clocked_reg:clocked_reg_inst|state_next[41]        ; clk          ; clk         ; 20.000       ; -0.045     ; 6.692      ;
; 13.272 ; aes_vhdl:encryption_inst|round_counter[3] ; aes_vhdl:encryption_inst|clocked_reg:clocked_reg_inst|state_next[61]        ; clk          ; clk         ; 20.000       ; -0.043     ; 6.692      ;
; 13.276 ; aes_vhdl:encryption_inst|round_counter[3] ; aes_vhdl:encryption_inst|clocked_reg:clocked_reg_inst|state_next[47]        ; clk          ; clk         ; 20.000       ; -0.064     ; 6.667      ;
; 13.276 ; aes_vhdl:encryption_inst|round_counter[0] ; decryption_aes:decryption_inst|clocked_reg:clocked_reg_inst|state_next[85]  ; clk          ; clk         ; 20.000       ; -0.048     ; 6.683      ;
; 13.277 ; aes_vhdl:encryption_inst|round_counter[1] ; decryption_aes:decryption_inst|clocked_reg:clocked_reg_inst|state_next[2]   ; clk          ; clk         ; 20.000       ; -0.057     ; 6.673      ;
; 13.281 ; aes_vhdl:encryption_inst|round_counter[3] ; aes_vhdl:encryption_inst|clocked_reg:clocked_reg_inst|state_next[8]         ; clk          ; clk         ; 20.000       ; -0.059     ; 6.667      ;
; 13.289 ; aes_vhdl:encryption_inst|round_counter[2] ; decryption_aes:decryption_inst|clocked_reg:clocked_reg_inst|state_next[69]  ; clk          ; clk         ; 20.000       ; -0.048     ; 6.670      ;
; 13.290 ; aes_vhdl:encryption_inst|round_counter[2] ; aes_vhdl:encryption_inst|clocked_reg:clocked_reg_inst|state_next[16]        ; clk          ; clk         ; 20.000       ; -0.055     ; 6.662      ;
; 13.302 ; aes_vhdl:encryption_inst|round_counter[1] ; decryption_aes:decryption_inst|clocked_reg:clocked_reg_inst|state_next[46]  ; clk          ; clk         ; 20.000       ; -0.063     ; 6.642      ;
; 13.306 ; aes_vhdl:encryption_inst|round_counter[0] ; aes_vhdl:encryption_inst|clocked_reg:clocked_reg_inst|state_next[42]        ; clk          ; clk         ; 20.000       ; -0.065     ; 6.636      ;
; 13.312 ; aes_vhdl:encryption_inst|round_counter[1] ; aes_vhdl:encryption_inst|clocked_reg:clocked_reg_inst|state_next[110]       ; clk          ; clk         ; 20.000       ; -0.077     ; 6.618      ;
; 13.314 ; aes_vhdl:encryption_inst|round_counter[3] ; decryption_aes:decryption_inst|clocked_reg:clocked_reg_inst|state_next[51]  ; clk          ; clk         ; 20.000       ; -0.064     ; 6.629      ;
; 13.318 ; aes_vhdl:encryption_inst|round_counter[3] ; aes_vhdl:encryption_inst|clocked_reg:clocked_reg_inst|state_next[100]       ; clk          ; clk         ; 20.000       ; -0.047     ; 6.642      ;
; 13.319 ; aes_vhdl:encryption_inst|round_counter[0] ; aes_vhdl:encryption_inst|clocked_reg:clocked_reg_inst|state_next[8]         ; clk          ; clk         ; 20.000       ; -0.059     ; 6.629      ;
; 13.320 ; aes_vhdl:encryption_inst|round_counter[2] ; decryption_aes:decryption_inst|clocked_reg:clocked_reg_inst|state_next[46]  ; clk          ; clk         ; 20.000       ; -0.063     ; 6.624      ;
; 13.326 ; aes_vhdl:encryption_inst|round_counter[1] ; decryption_aes:decryption_inst|clocked_reg:clocked_reg_inst|state_next[113] ; clk          ; clk         ; 20.000       ; -0.060     ; 6.621      ;
; 13.326 ; aes_vhdl:encryption_inst|round_counter[1] ; decryption_aes:decryption_inst|clocked_reg:clocked_reg_inst|state_next[29]  ; clk          ; clk         ; 20.000       ; -0.061     ; 6.620      ;
; 13.328 ; aes_vhdl:encryption_inst|round_counter[1] ; aes_vhdl:encryption_inst|clocked_reg:clocked_reg_inst|state_next[42]        ; clk          ; clk         ; 20.000       ; -0.065     ; 6.614      ;
; 13.328 ; aes_vhdl:encryption_inst|round_counter[3] ; decryption_aes:decryption_inst|clocked_reg:clocked_reg_inst|state_next[118] ; clk          ; clk         ; 20.000       ; -0.060     ; 6.619      ;
; 13.329 ; aes_vhdl:encryption_inst|round_counter[3] ; decryption_aes:decryption_inst|clocked_reg:clocked_reg_inst|state_next[96]  ; clk          ; clk         ; 20.000       ; -0.057     ; 6.621      ;
; 13.330 ; aes_vhdl:encryption_inst|round_counter[3] ; decryption_aes:decryption_inst|clocked_reg:clocked_reg_inst|state_next[69]  ; clk          ; clk         ; 20.000       ; -0.048     ; 6.629      ;
; 13.332 ; aes_vhdl:encryption_inst|round_counter[3] ; decryption_aes:decryption_inst|clocked_reg:clocked_reg_inst|state_next[97]  ; clk          ; clk         ; 20.000       ; -0.069     ; 6.606      ;
; 13.340 ; aes_vhdl:encryption_inst|round_counter[1] ; decryption_aes:decryption_inst|clocked_reg:clocked_reg_inst|state_next[85]  ; clk          ; clk         ; 20.000       ; -0.048     ; 6.619      ;
; 13.340 ; aes_vhdl:encryption_inst|round_counter[2] ; decryption_aes:decryption_inst|clocked_reg:clocked_reg_inst|state_next[29]  ; clk          ; clk         ; 20.000       ; -0.061     ; 6.606      ;
; 13.342 ; aes_vhdl:encryption_inst|round_counter[0] ; decryption_aes:decryption_inst|clocked_reg:clocked_reg_inst|state_next[87]  ; clk          ; clk         ; 20.000       ; -0.063     ; 6.602      ;
; 13.345 ; aes_vhdl:encryption_inst|round_counter[0] ; aes_vhdl:encryption_inst|clocked_reg:clocked_reg_inst|state_next[105]       ; clk          ; clk         ; 20.000       ; -0.077     ; 6.585      ;
; 13.353 ; aes_vhdl:encryption_inst|round_counter[0] ; decryption_aes:decryption_inst|clocked_reg:clocked_reg_inst|state_next[29]  ; clk          ; clk         ; 20.000       ; -0.061     ; 6.593      ;
; 13.356 ; aes_vhdl:encryption_inst|round_counter[2] ; aes_vhdl:encryption_inst|clocked_reg:clocked_reg_inst|state_next[103]       ; clk          ; clk         ; 20.000       ; -0.049     ; 6.602      ;
; 13.359 ; aes_vhdl:encryption_inst|round_counter[3] ; decryption_aes:decryption_inst|clocked_reg:clocked_reg_inst|state_next[26]  ; clk          ; clk         ; 20.000       ; -0.056     ; 6.592      ;
; 13.361 ; aes_vhdl:encryption_inst|round_counter[3] ; aes_vhdl:encryption_inst|clocked_reg:clocked_reg_inst|state_next[43]        ; clk          ; clk         ; 20.000       ; -0.065     ; 6.581      ;
; 13.362 ; aes_vhdl:encryption_inst|round_counter[2] ; decryption_aes:decryption_inst|clocked_reg:clocked_reg_inst|state_next[85]  ; clk          ; clk         ; 20.000       ; -0.048     ; 6.597      ;
; 13.363 ; aes_vhdl:encryption_inst|round_counter[2] ; aes_vhdl:encryption_inst|clocked_reg:clocked_reg_inst|state_next[41]        ; clk          ; clk         ; 20.000       ; -0.045     ; 6.599      ;
; 13.364 ; aes_vhdl:encryption_inst|round_counter[0] ; aes_vhdl:encryption_inst|clocked_reg:clocked_reg_inst|state_next[103]       ; clk          ; clk         ; 20.000       ; -0.049     ; 6.594      ;
; 13.367 ; aes_vhdl:encryption_inst|round_counter[0] ; aes_vhdl:encryption_inst|clocked_reg:clocked_reg_inst|state_next[106]       ; clk          ; clk         ; 20.000       ; -0.085     ; 6.555      ;
; 13.370 ; aes_vhdl:encryption_inst|round_counter[2] ; decryption_aes:decryption_inst|clocked_reg:clocked_reg_inst|state_next[51]  ; clk          ; clk         ; 20.000       ; -0.064     ; 6.573      ;
; 13.372 ; aes_vhdl:encryption_inst|round_counter[3] ; aes_vhdl:encryption_inst|clocked_reg:clocked_reg_inst|state_next[73]        ; clk          ; clk         ; 20.000       ; -0.076     ; 6.559      ;
; 13.376 ; aes_vhdl:encryption_inst|round_counter[1] ; decryption_aes:decryption_inst|clocked_reg:clocked_reg_inst|state_next[26]  ; clk          ; clk         ; 20.000       ; -0.056     ; 6.575      ;
; 13.377 ; aes_vhdl:encryption_inst|round_counter[3] ; decryption_aes:decryption_inst|clocked_reg:clocked_reg_inst|state_next[46]  ; clk          ; clk         ; 20.000       ; -0.063     ; 6.567      ;
; 13.379 ; aes_vhdl:encryption_inst|round_counter[0] ; aes_vhdl:encryption_inst|clocked_reg:clocked_reg_inst|state_next[73]        ; clk          ; clk         ; 20.000       ; -0.076     ; 6.552      ;
; 13.380 ; aes_vhdl:encryption_inst|round_counter[0] ; decryption_aes:decryption_inst|clocked_reg:clocked_reg_inst|state_next[26]  ; clk          ; clk         ; 20.000       ; -0.056     ; 6.571      ;
; 13.381 ; aes_vhdl:encryption_inst|round_counter[3] ; decryption_aes:decryption_inst|clocked_reg:clocked_reg_inst|state_next[92]  ; clk          ; clk         ; 20.000       ; -0.053     ; 6.573      ;
; 13.383 ; aes_vhdl:encryption_inst|round_counter[3] ; aes_vhdl:encryption_inst|clocked_reg:clocked_reg_inst|state_next[49]        ; clk          ; clk         ; 20.000       ; -0.045     ; 6.579      ;
; 13.383 ; aes_vhdl:encryption_inst|round_counter[1] ; aes_vhdl:encryption_inst|clocked_reg:clocked_reg_inst|state_next[8]         ; clk          ; clk         ; 20.000       ; -0.059     ; 6.565      ;
; 13.387 ; aes_vhdl:encryption_inst|round_counter[0] ; aes_vhdl:encryption_inst|clocked_reg:clocked_reg_inst|state_next[109]       ; clk          ; clk         ; 20.000       ; -0.086     ; 6.534      ;
; 13.387 ; aes_vhdl:encryption_inst|round_counter[2] ; aes_vhdl:encryption_inst|clocked_reg:clocked_reg_inst|state_next[62]        ; clk          ; clk         ; 20.000       ; -0.054     ; 6.566      ;
+--------+-------------------------------------------+-----------------------------------------------------------------------------+--------------+-------------+--------------+------------+------------+


+-----------------------------------------------------------------------------------------------------------------------------------------------------------------------------------------------------------------------------------------+
; Fast 1200mV 0C Model Hold: 'clk'                                                                                                                                                                                                        ;
+-------+-----------------------------------------------------------------------------+-----------------------------------------------------------------------------+--------------+-------------+--------------+------------+------------+
; Slack ; From Node                                                                   ; To Node                                                                     ; Launch Clock ; Latch Clock ; Relationship ; Clock Skew ; Data Delay ;
+-------+-----------------------------------------------------------------------------+-----------------------------------------------------------------------------+--------------+-------------+--------------+------------+------------+
; 0.181 ; aes_vhdl:encryption_inst|round_counter[1]                                   ; aes_vhdl:encryption_inst|round_counter[1]                                   ; clk          ; clk         ; 0.000        ; 0.042      ; 0.307      ;
; 0.181 ; aes_vhdl:encryption_inst|round_counter[2]                                   ; aes_vhdl:encryption_inst|round_counter[2]                                   ; clk          ; clk         ; 0.000        ; 0.042      ; 0.307      ;
; 0.181 ; aes_vhdl:encryption_inst|round_counter[0]                                   ; aes_vhdl:encryption_inst|round_counter[0]                                   ; clk          ; clk         ; 0.000        ; 0.042      ; 0.307      ;
; 0.181 ; aes_vhdl:encryption_inst|round_counter[3]                                   ; aes_vhdl:encryption_inst|round_counter[3]                                   ; clk          ; clk         ; 0.000        ; 0.042      ; 0.307      ;
; 0.181 ; aes_vhdl:encryption_inst|clocked_reg:clocked_reg_inst|counter[3]            ; aes_vhdl:encryption_inst|clocked_reg:clocked_reg_inst|counter[3]            ; clk          ; clk         ; 0.000        ; 0.042      ; 0.307      ;
; 0.181 ; aes_vhdl:encryption_inst|clocked_reg:clocked_reg_inst|counter[2]            ; aes_vhdl:encryption_inst|clocked_reg:clocked_reg_inst|counter[2]            ; clk          ; clk         ; 0.000        ; 0.042      ; 0.307      ;
; 0.181 ; aes_vhdl:encryption_inst|clocked_reg:clocked_reg_inst|counter[0]            ; aes_vhdl:encryption_inst|clocked_reg:clocked_reg_inst|counter[0]            ; clk          ; clk         ; 0.000        ; 0.042      ; 0.307      ;
; 0.181 ; aes_vhdl:encryption_inst|clocked_reg:clocked_reg_inst|counter[1]            ; aes_vhdl:encryption_inst|clocked_reg:clocked_reg_inst|counter[1]            ; clk          ; clk         ; 0.000        ; 0.042      ; 0.307      ;
; 0.191 ; aes_vhdl:encryption_inst|clocked_reg:clocked_reg_inst|counter[2]            ; aes_vhdl:encryption_inst|clocked_reg:clocked_reg_inst|counter[3]            ; clk          ; clk         ; 0.000        ; 0.042      ; 0.317      ;
; 0.199 ; aes_vhdl:encryption_inst|clocked_reg:clocked_reg_inst|counter[0]            ; aes_vhdl:encryption_inst|clocked_reg:clocked_reg_inst|counter[1]            ; clk          ; clk         ; 0.000        ; 0.042      ; 0.325      ;
; 0.200 ; aes_vhdl:encryption_inst|clocked_reg:clocked_reg_inst|counter[0]            ; aes_vhdl:encryption_inst|clocked_reg:clocked_reg_inst|counter[2]            ; clk          ; clk         ; 0.000        ; 0.042      ; 0.326      ;
; 0.220 ; aes_vhdl:encryption_inst|round_counter[3]                                   ; aes_vhdl:encryption_inst|round_counter[1]                                   ; clk          ; clk         ; 0.000        ; 0.042      ; 0.346      ;
; 0.221 ; aes_vhdl:encryption_inst|round_counter[3]                                   ; aes_vhdl:encryption_inst|round_counter[0]                                   ; clk          ; clk         ; 0.000        ; 0.042      ; 0.347      ;
; 0.232 ; aes_vhdl:encryption_inst|round_counter[0]                                   ; aes_vhdl:encryption_inst|round_counter[2]                                   ; clk          ; clk         ; 0.000        ; 0.042      ; 0.358      ;
; 0.243 ; aes_vhdl:encryption_inst|round_counter[1]                                   ; aes_vhdl:encryption_inst|round_counter[3]                                   ; clk          ; clk         ; 0.000        ; 0.042      ; 0.369      ;
; 0.301 ; aes_vhdl:encryption_inst|clocked_reg:clocked_reg_inst|counter[1]            ; aes_vhdl:encryption_inst|clocked_reg:clocked_reg_inst|counter[3]            ; clk          ; clk         ; 0.000        ; 0.042      ; 0.427      ;
; 0.301 ; aes_vhdl:encryption_inst|clocked_reg:clocked_reg_inst|counter[1]            ; aes_vhdl:encryption_inst|clocked_reg:clocked_reg_inst|counter[2]            ; clk          ; clk         ; 0.000        ; 0.042      ; 0.427      ;
; 0.323 ; aes_vhdl:encryption_inst|round_counter[3]                                   ; aes_vhdl:encryption_inst|round_counter[2]                                   ; clk          ; clk         ; 0.000        ; 0.042      ; 0.449      ;
; 0.340 ; aes_vhdl:encryption_inst|round_counter[0]                                   ; aes_vhdl:encryption_inst|round_counter[3]                                   ; clk          ; clk         ; 0.000        ; 0.042      ; 0.466      ;
; 0.344 ; aes_vhdl:encryption_inst|round_counter[0]                                   ; aes_vhdl:encryption_inst|round_counter[1]                                   ; clk          ; clk         ; 0.000        ; 0.042      ; 0.470      ;
; 0.353 ; aes_vhdl:encryption_inst|round_counter[1]                                   ; aes_vhdl:encryption_inst|round_counter[2]                                   ; clk          ; clk         ; 0.000        ; 0.042      ; 0.479      ;
; 0.353 ; aes_vhdl:encryption_inst|round_counter[1]                                   ; aes_vhdl:encryption_inst|round_counter[0]                                   ; clk          ; clk         ; 0.000        ; 0.042      ; 0.479      ;
; 0.356 ; aes_vhdl:encryption_inst|round_counter[2]                                   ; aes_vhdl:encryption_inst|round_counter[3]                                   ; clk          ; clk         ; 0.000        ; 0.042      ; 0.482      ;
; 0.358 ; aes_vhdl:encryption_inst|round_counter[2]                                   ; aes_vhdl:encryption_inst|round_counter[0]                                   ; clk          ; clk         ; 0.000        ; 0.042      ; 0.484      ;
; 0.374 ; aes_vhdl:encryption_inst|round_counter[2]                                   ; aes_vhdl:encryption_inst|round_counter[1]                                   ; clk          ; clk         ; 0.000        ; 0.042      ; 0.500      ;
; 0.456 ; aes_vhdl:encryption_inst|clocked_reg:clocked_reg_inst|counter[0]            ; aes_vhdl:encryption_inst|clocked_reg:clocked_reg_inst|counter[3]            ; clk          ; clk         ; 0.000        ; 0.042      ; 0.582      ;
; 0.517 ; aes_vhdl:encryption_inst|clocked_reg:clocked_reg_inst|counter[3]            ; aes_vhdl:encryption_inst|clocked_reg:clocked_reg_inst|counter[0]            ; clk          ; clk         ; 0.000        ; 0.042      ; 0.643      ;
; 0.576 ; aes_vhdl:encryption_inst|clocked_reg:clocked_reg_inst|counter[1]            ; aes_vhdl:encryption_inst|clocked_reg:clocked_reg_inst|counter[0]            ; clk          ; clk         ; 0.000        ; 0.042      ; 0.702      ;
; 0.576 ; aes_vhdl:encryption_inst|clocked_reg:clocked_reg_inst|counter[2]            ; aes_vhdl:encryption_inst|clocked_reg:clocked_reg_inst|counter[0]            ; clk          ; clk         ; 0.000        ; 0.042      ; 0.702      ;
; 0.600 ; decryption_aes:decryption_inst|clocked_reg:clocked_reg_inst|state_next[29]  ; decryption_aes:decryption_inst|clocked_reg:clocked_reg_inst|state_next[27]  ; clk          ; clk         ; 0.000        ; 0.044      ; 0.728      ;
; 0.623 ; aes_vhdl:encryption_inst|clocked_reg:clocked_reg_inst|counter[3]            ; aes_vhdl:encryption_inst|clocked_reg:clocked_reg_inst|counter[1]            ; clk          ; clk         ; 0.000        ; 0.042      ; 0.749      ;
; 0.696 ; aes_vhdl:encryption_inst|clocked_reg:clocked_reg_inst|counter[2]            ; aes_vhdl:encryption_inst|clocked_reg:clocked_reg_inst|counter[1]            ; clk          ; clk         ; 0.000        ; 0.042      ; 0.822      ;
; 0.772 ; decryption_aes:decryption_inst|clocked_reg:clocked_reg_inst|state_next[29]  ; decryption_aes:decryption_inst|clocked_reg:clocked_reg_inst|state_next[28]  ; clk          ; clk         ; 0.000        ; 0.034      ; 0.890      ;
; 0.791 ; decryption_aes:decryption_inst|clocked_reg:clocked_reg_inst|state_next[29]  ; decryption_aes:decryption_inst|clocked_reg:clocked_reg_inst|state_next[25]  ; clk          ; clk         ; 0.000        ; 0.031      ; 0.906      ;
; 0.907 ; decryption_aes:decryption_inst|clocked_reg:clocked_reg_inst|state_next[86]  ; decryption_aes:decryption_inst|clocked_reg:clocked_reg_inst|state_next[54]  ; clk          ; clk         ; 0.000        ; 0.040      ; 1.031      ;
; 0.933 ; decryption_aes:decryption_inst|clocked_reg:clocked_reg_inst|state_next[58]  ; decryption_aes:decryption_inst|clocked_reg:clocked_reg_inst|state_next[56]  ; clk          ; clk         ; 0.000        ; 0.042      ; 1.059      ;
; 0.938 ; decryption_aes:decryption_inst|clocked_reg:clocked_reg_inst|state_next[85]  ; decryption_aes:decryption_inst|clocked_reg:clocked_reg_inst|state_next[94]  ; clk          ; clk         ; 0.000        ; 0.043      ; 1.065      ;
; 0.947 ; aes_vhdl:encryption_inst|clocked_reg:clocked_reg_inst|state_next[127]       ; aes_vhdl:encryption_inst|clocked_reg:clocked_reg_inst|state_next[122]       ; clk          ; clk         ; 0.000        ; 0.034      ; 1.065      ;
; 0.948 ; aes_vhdl:encryption_inst|clocked_reg:clocked_reg_inst|state_next[102]       ; aes_vhdl:encryption_inst|clocked_reg:clocked_reg_inst|state_next[70]        ; clk          ; clk         ; 0.000        ; 0.039      ; 1.071      ;
; 0.952 ; decryption_aes:decryption_inst|clocked_reg:clocked_reg_inst|state_next[29]  ; decryption_aes:decryption_inst|clocked_reg:clocked_reg_inst|state_next[24]  ; clk          ; clk         ; 0.000        ; 0.037      ; 1.073      ;
; 0.954 ; decryption_aes:decryption_inst|clocked_reg:clocked_reg_inst|state_next[94]  ; decryption_aes:decryption_inst|clocked_reg:clocked_reg_inst|state_next[94]  ; clk          ; clk         ; 0.000        ; 0.042      ; 1.080      ;
; 0.958 ; decryption_aes:decryption_inst|clocked_reg:clocked_reg_inst|state_next[110] ; decryption_aes:decryption_inst|clocked_reg:clocked_reg_inst|state_next[126] ; clk          ; clk         ; 0.000        ; 0.041      ; 1.083      ;
; 0.984 ; decryption_aes:decryption_inst|clocked_reg:clocked_reg_inst|state_next[29]  ; decryption_aes:decryption_inst|clocked_reg:clocked_reg_inst|state_next[29]  ; clk          ; clk         ; 0.000        ; 0.041      ; 1.109      ;
; 0.986 ; decryption_aes:decryption_inst|clocked_reg:clocked_reg_inst|state_next[86]  ; decryption_aes:decryption_inst|clocked_reg:clocked_reg_inst|state_next[48]  ; clk          ; clk         ; 0.000        ; 0.050      ; 1.120      ;
; 1.003 ; aes_vhdl:encryption_inst|round_counter[1]                                   ; aes_vhdl:encryption_inst|clocked_reg:clocked_reg_inst|state_next[113]       ; clk          ; clk         ; 0.000        ; 0.030      ; 1.117      ;
; 1.025 ; aes_vhdl:encryption_inst|round_counter[3]                                   ; aes_vhdl:encryption_inst|clocked_reg:clocked_reg_inst|state_next[113]       ; clk          ; clk         ; 0.000        ; 0.030      ; 1.139      ;
; 1.027 ; decryption_aes:decryption_inst|clocked_reg:clocked_reg_inst|state_next[86]  ; decryption_aes:decryption_inst|clocked_reg:clocked_reg_inst|state_next[94]  ; clk          ; clk         ; 0.000        ; 0.043      ; 1.154      ;
; 1.031 ; decryption_aes:decryption_inst|clocked_reg:clocked_reg_inst|state_next[27]  ; decryption_aes:decryption_inst|clocked_reg:clocked_reg_inst|state_next[31]  ; clk          ; clk         ; 0.000        ; 0.042      ; 1.157      ;
; 1.045 ; decryption_aes:decryption_inst|clocked_reg:clocked_reg_inst|state_next[30]  ; decryption_aes:decryption_inst|clocked_reg:clocked_reg_inst|state_next[30]  ; clk          ; clk         ; 0.000        ; 0.042      ; 1.171      ;
; 1.048 ; decryption_aes:decryption_inst|clocked_reg:clocked_reg_inst|state_next[110] ; decryption_aes:decryption_inst|clocked_reg:clocked_reg_inst|state_next[120] ; clk          ; clk         ; 0.000        ; 0.035      ; 1.167      ;
; 1.052 ; decryption_aes:decryption_inst|clocked_reg:clocked_reg_inst|state_next[101] ; decryption_aes:decryption_inst|clocked_reg:clocked_reg_inst|state_next[82]  ; clk          ; clk         ; 0.000        ; 0.047      ; 1.183      ;
; 1.052 ; aes_vhdl:encryption_inst|round_counter[1]                                   ; aes_vhdl:encryption_inst|clocked_reg:clocked_reg_inst|state_next[19]        ; clk          ; clk         ; 0.000        ; 0.030      ; 1.166      ;
; 1.062 ; decryption_aes:decryption_inst|clocked_reg:clocked_reg_inst|state_next[26]  ; decryption_aes:decryption_inst|clocked_reg:clocked_reg_inst|state_next[28]  ; clk          ; clk         ; 0.000        ; 0.029      ; 1.175      ;
; 1.074 ; aes_vhdl:encryption_inst|round_counter[3]                                   ; aes_vhdl:encryption_inst|clocked_reg:clocked_reg_inst|state_next[19]        ; clk          ; clk         ; 0.000        ; 0.030      ; 1.188      ;
; 1.079 ; decryption_aes:decryption_inst|clocked_reg:clocked_reg_inst|state_next[110] ; decryption_aes:decryption_inst|clocked_reg:clocked_reg_inst|state_next[41]  ; clk          ; clk         ; 0.000        ; 0.032      ; 1.195      ;
; 1.082 ; decryption_aes:decryption_inst|clocked_reg:clocked_reg_inst|state_next[85]  ; decryption_aes:decryption_inst|clocked_reg:clocked_reg_inst|state_next[89]  ; clk          ; clk         ; 0.000        ; 0.052      ; 1.218      ;
; 1.082 ; decryption_aes:decryption_inst|clocked_reg:clocked_reg_inst|state_next[28]  ; decryption_aes:decryption_inst|clocked_reg:clocked_reg_inst|state_next[31]  ; clk          ; clk         ; 0.000        ; 0.052      ; 1.218      ;
; 1.094 ; decryption_aes:decryption_inst|clocked_reg:clocked_reg_inst|state_next[30]  ; decryption_aes:decryption_inst|clocked_reg:clocked_reg_inst|state_next[24]  ; clk          ; clk         ; 0.000        ; 0.042      ; 1.220      ;
; 1.095 ; aes_vhdl:encryption_inst|round_counter[1]                                   ; decryption_aes:decryption_inst|clocked_reg:clocked_reg_inst|state_next[80]  ; clk          ; clk         ; 0.000        ; 0.061      ; 1.240      ;
; 1.098 ; decryption_aes:decryption_inst|clocked_reg:clocked_reg_inst|state_next[94]  ; decryption_aes:decryption_inst|clocked_reg:clocked_reg_inst|state_next[89]  ; clk          ; clk         ; 0.000        ; 0.051      ; 1.233      ;
; 1.098 ; aes_vhdl:encryption_inst|clocked_reg:clocked_reg_inst|state_next[59]        ; aes_vhdl:encryption_inst|clocked_reg:clocked_reg_inst|state_next[60]        ; clk          ; clk         ; 0.000        ; 0.038      ; 1.220      ;
; 1.099 ; decryption_aes:decryption_inst|clocked_reg:clocked_reg_inst|state_next[110] ; decryption_aes:decryption_inst|clocked_reg:clocked_reg_inst|state_next[40]  ; clk          ; clk         ; 0.000        ; 0.032      ; 1.215      ;
; 1.103 ; decryption_aes:decryption_inst|clocked_reg:clocked_reg_inst|state_next[31]  ; decryption_aes:decryption_inst|clocked_reg:clocked_reg_inst|state_next[31]  ; clk          ; clk         ; 0.000        ; 0.042      ; 1.229      ;
; 1.113 ; decryption_aes:decryption_inst|clocked_reg:clocked_reg_inst|state_next[58]  ; decryption_aes:decryption_inst|clocked_reg:clocked_reg_inst|state_next[60]  ; clk          ; clk         ; 0.000        ; 0.037      ; 1.234      ;
; 1.115 ; decryption_aes:decryption_inst|clocked_reg:clocked_reg_inst|state_next[110] ; decryption_aes:decryption_inst|clocked_reg:clocked_reg_inst|state_next[42]  ; clk          ; clk         ; 0.000        ; 0.033      ; 1.232      ;
; 1.117 ; decryption_aes:decryption_inst|clocked_reg:clocked_reg_inst|state_next[110] ; decryption_aes:decryption_inst|clocked_reg:clocked_reg_inst|state_next[121] ; clk          ; clk         ; 0.000        ; 0.039      ; 1.240      ;
; 1.119 ; decryption_aes:decryption_inst|clocked_reg:clocked_reg_inst|state_next[110] ; decryption_aes:decryption_inst|clocked_reg:clocked_reg_inst|state_next[44]  ; clk          ; clk         ; 0.000        ; 0.024      ; 1.227      ;
; 1.120 ; decryption_aes:decryption_inst|clocked_reg:clocked_reg_inst|state_next[29]  ; decryption_aes:decryption_inst|clocked_reg:clocked_reg_inst|state_next[31]  ; clk          ; clk         ; 0.000        ; 0.044      ; 1.248      ;
; 1.124 ; decryption_aes:decryption_inst|clocked_reg:clocked_reg_inst|state_next[93]  ; decryption_aes:decryption_inst|clocked_reg:clocked_reg_inst|state_next[90]  ; clk          ; clk         ; 0.000        ; 0.043      ; 1.251      ;
; 1.127 ; aes_vhdl:encryption_inst|round_counter[2]                                   ; decryption_aes:decryption_inst|clocked_reg:clocked_reg_inst|state_next[80]  ; clk          ; clk         ; 0.000        ; 0.061      ; 1.272      ;
; 1.129 ; decryption_aes:decryption_inst|clocked_reg:clocked_reg_inst|state_next[29]  ; decryption_aes:decryption_inst|clocked_reg:clocked_reg_inst|state_next[30]  ; clk          ; clk         ; 0.000        ; 0.037      ; 1.250      ;
; 1.129 ; decryption_aes:decryption_inst|clocked_reg:clocked_reg_inst|state_next[46]  ; decryption_aes:decryption_inst|clocked_reg:clocked_reg_inst|state_next[104] ; clk          ; clk         ; 0.000        ; 0.046      ; 1.259      ;
; 1.131 ; decryption_aes:decryption_inst|clocked_reg:clocked_reg_inst|state_next[93]  ; decryption_aes:decryption_inst|clocked_reg:clocked_reg_inst|state_next[92]  ; clk          ; clk         ; 0.000        ; 0.053      ; 1.268      ;
; 1.132 ; aes_vhdl:encryption_inst|round_counter[3]                                   ; decryption_aes:decryption_inst|clocked_reg:clocked_reg_inst|state_next[80]  ; clk          ; clk         ; 0.000        ; 0.061      ; 1.277      ;
; 1.144 ; decryption_aes:decryption_inst|clocked_reg:clocked_reg_inst|state_next[109] ; decryption_aes:decryption_inst|clocked_reg:clocked_reg_inst|state_next[42]  ; clk          ; clk         ; 0.000        ; 0.036      ; 1.264      ;
; 1.146 ; decryption_aes:decryption_inst|clocked_reg:clocked_reg_inst|state_next[58]  ; decryption_aes:decryption_inst|clocked_reg:clocked_reg_inst|state_next[58]  ; clk          ; clk         ; 0.000        ; 0.042      ; 1.272      ;
; 1.148 ; aes_vhdl:encryption_inst|round_counter[0]                                   ; aes_vhdl:encryption_inst|clocked_reg:clocked_reg_inst|state_next[113]       ; clk          ; clk         ; 0.000        ; 0.030      ; 1.262      ;
; 1.149 ; decryption_aes:decryption_inst|clocked_reg:clocked_reg_inst|state_next[26]  ; decryption_aes:decryption_inst|clocked_reg:clocked_reg_inst|state_next[27]  ; clk          ; clk         ; 0.000        ; 0.039      ; 1.272      ;
; 1.153 ; aes_vhdl:encryption_inst|clocked_reg:clocked_reg_inst|state_next[123]       ; aes_vhdl:encryption_inst|clocked_reg:clocked_reg_inst|state_next[124]       ; clk          ; clk         ; 0.000        ; 0.042      ; 1.279      ;
; 1.155 ; decryption_aes:decryption_inst|clocked_reg:clocked_reg_inst|state_next[58]  ; decryption_aes:decryption_inst|clocked_reg:clocked_reg_inst|state_next[61]  ; clk          ; clk         ; 0.000        ; 0.039      ; 1.278      ;
; 1.171 ; decryption_aes:decryption_inst|clocked_reg:clocked_reg_inst|state_next[86]  ; decryption_aes:decryption_inst|clocked_reg:clocked_reg_inst|state_next[89]  ; clk          ; clk         ; 0.000        ; 0.052      ; 1.307      ;
; 1.175 ; aes_vhdl:encryption_inst|round_counter[1]                                   ; decryption_aes:decryption_inst|clocked_reg:clocked_reg_inst|state_next[82]  ; clk          ; clk         ; 0.000        ; 0.061      ; 1.320      ;
; 1.176 ; aes_vhdl:encryption_inst|clocked_reg:clocked_reg_inst|state_next[77]        ; aes_vhdl:encryption_inst|clocked_reg:clocked_reg_inst|state_next[15]        ; clk          ; clk         ; 0.000        ; 0.049      ; 1.309      ;
; 1.186 ; decryption_aes:decryption_inst|clocked_reg:clocked_reg_inst|state_next[29]  ; decryption_aes:decryption_inst|clocked_reg:clocked_reg_inst|state_next[26]  ; clk          ; clk         ; 0.000        ; 0.047      ; 1.317      ;
; 1.187 ; aes_vhdl:encryption_inst|clocked_reg:clocked_reg_inst|state_next[103]       ; aes_vhdl:encryption_inst|clocked_reg:clocked_reg_inst|state_next[70]        ; clk          ; clk         ; 0.000        ; 0.039      ; 1.310      ;
; 1.191 ; aes_vhdl:encryption_inst|clocked_reg:clocked_reg_inst|state_next[28]        ; aes_vhdl:encryption_inst|clocked_reg:clocked_reg_inst|state_next[27]        ; clk          ; clk         ; 0.000        ; 0.058      ; 1.333      ;
; 1.200 ; decryption_aes:decryption_inst|clocked_reg:clocked_reg_inst|state_next[86]  ; decryption_aes:decryption_inst|clocked_reg:clocked_reg_inst|state_next[49]  ; clk          ; clk         ; 0.000        ; 0.037      ; 1.321      ;
; 1.200 ; decryption_aes:decryption_inst|clocked_reg:clocked_reg_inst|state_next[56]  ; decryption_aes:decryption_inst|clocked_reg:clocked_reg_inst|state_next[57]  ; clk          ; clk         ; 0.000        ; 0.035      ; 1.319      ;
; 1.200 ; aes_vhdl:encryption_inst|clocked_reg:clocked_reg_inst|state_next[102]       ; aes_vhdl:encryption_inst|clocked_reg:clocked_reg_inst|state_next[78]        ; clk          ; clk         ; 0.000        ; 0.039      ; 1.323      ;
; 1.200 ; aes_vhdl:encryption_inst|round_counter[0]                                   ; decryption_aes:decryption_inst|clocked_reg:clocked_reg_inst|state_next[80]  ; clk          ; clk         ; 0.000        ; 0.061      ; 1.345      ;
; 1.201 ; aes_vhdl:encryption_inst|clocked_reg:clocked_reg_inst|state_next[30]        ; aes_vhdl:encryption_inst|clocked_reg:clocked_reg_inst|state_next[27]        ; clk          ; clk         ; 0.000        ; 0.057      ; 1.342      ;
; 1.207 ; aes_vhdl:encryption_inst|round_counter[2]                                   ; decryption_aes:decryption_inst|clocked_reg:clocked_reg_inst|state_next[82]  ; clk          ; clk         ; 0.000        ; 0.061      ; 1.352      ;
; 1.212 ; aes_vhdl:encryption_inst|round_counter[3]                                   ; decryption_aes:decryption_inst|clocked_reg:clocked_reg_inst|state_next[82]  ; clk          ; clk         ; 0.000        ; 0.061      ; 1.357      ;
; 1.214 ; aes_vhdl:encryption_inst|round_counter[0]                                   ; aes_vhdl:encryption_inst|clocked_reg:clocked_reg_inst|state_next[19]        ; clk          ; clk         ; 0.000        ; 0.030      ; 1.328      ;
; 1.221 ; decryption_aes:decryption_inst|clocked_reg:clocked_reg_inst|state_next[46]  ; decryption_aes:decryption_inst|clocked_reg:clocked_reg_inst|state_next[56]  ; clk          ; clk         ; 0.000        ; 0.040      ; 1.345      ;
; 1.223 ; aes_vhdl:encryption_inst|clocked_reg:clocked_reg_inst|state_next[119]       ; aes_vhdl:encryption_inst|clocked_reg:clocked_reg_inst|state_next[21]        ; clk          ; clk         ; 0.000        ; 0.035      ; 1.342      ;
; 1.227 ; decryption_aes:decryption_inst|clocked_reg:clocked_reg_inst|state_next[60]  ; decryption_aes:decryption_inst|clocked_reg:clocked_reg_inst|state_next[68]  ; clk          ; clk         ; 0.000        ; 0.051      ; 1.362      ;
; 1.229 ; decryption_aes:decryption_inst|clocked_reg:clocked_reg_inst|state_next[110] ; decryption_aes:decryption_inst|clocked_reg:clocked_reg_inst|state_next[45]  ; clk          ; clk         ; 0.000        ; 0.037      ; 1.350      ;
; 1.229 ; aes_vhdl:encryption_inst|clocked_reg:clocked_reg_inst|state_next[59]        ; aes_vhdl:encryption_inst|clocked_reg:clocked_reg_inst|state_next[37]        ; clk          ; clk         ; 0.000        ; 0.040      ; 1.353      ;
; 1.233 ; aes_vhdl:encryption_inst|clocked_reg:clocked_reg_inst|state_next[23]        ; aes_vhdl:encryption_inst|clocked_reg:clocked_reg_inst|state_next[49]        ; clk          ; clk         ; 0.000        ; 0.043      ; 1.360      ;
+-------+-----------------------------------------------------------------------------+-----------------------------------------------------------------------------+--------------+-------------+--------------+------------+------------+


----------------------------------------------
; Fast 1200mV 0C Model Metastability Summary ;
----------------------------------------------
No synchronizer chains to report.


+-----------------------------------------------------------------------------+
; Multicorner Timing Analysis Summary                                         ;
+------------------+-------+-------+----------+---------+---------------------+
; Clock            ; Setup ; Hold  ; Recovery ; Removal ; Minimum Pulse Width ;
+------------------+-------+-------+----------+---------+---------------------+
; Worst-case Slack ; 6.059 ; 0.181 ; N/A      ; N/A     ; 9.436               ;
;  clk             ; 6.059 ; 0.181 ; N/A      ; N/A     ; 9.436               ;
; Design-wide TNS  ; 0.0   ; 0.0   ; 0.0      ; 0.0     ; 0.0                 ;
;  clk             ; 0.000 ; 0.000 ; N/A      ; N/A     ; 0.000               ;
+------------------+-------+-------+----------+---------+---------------------+


+-----------------------------------------------------------------------------------------------------------------------------------------------------------------------------------------------------------------------------------------------------------------------------------------------------------------------------------------------------------------------------------------------------------------------+
; Board Trace Model Assignments                                                                                                                                                                                                                                                                                                                                                                                         ;
+--------------------+--------------+-------------------+-------------------------+-------------------------+---------------+---------------------+----------------+------------------+--------+------------------+------------------------+------------------------+--------------+---------------+-----------------+-------+---------------------+--------------------+---------------+-----------------+-------------+
; Pin                ; I/O Standard ; Near Tline Length ; Near Tline L per Length ; Near Tline C per Length ; Near Series R ; Near Differential R ; Near Pull-up R ; Near Pull-down R ; Near C ; Far Tline Length ; Far Tline L per Length ; Far Tline C per Length ; Far Series R ; Far Pull-up R ; Far Pull-down R ; Far C ; Termination Voltage ; Far Differential R ; EBD File Name ; EBD Signal Name ; EBD Far-end ;
+--------------------+--------------+-------------------+-------------------------+-------------------------+---------------+---------------------+----------------+------------------+--------+------------------+------------------------+------------------------+--------------+---------------+-----------------+-------+---------------------+--------------------+---------------+-----------------+-------------+
; segment_output[0]  ; 2.5 V        ; 0 in              ; 0 H/in                  ; 0 F/in                  ; short         ; -                   ; open           ; open             ; open   ; 0 in             ; 0 H/in                 ; 0 F/in                 ; short        ; open          ; open            ; open  ; 0 V                 ; -                  ; n/a           ; n/a             ; n/a         ;
; segment_output[1]  ; 2.5 V        ; 0 in              ; 0 H/in                  ; 0 F/in                  ; short         ; -                   ; open           ; open             ; open   ; 0 in             ; 0 H/in                 ; 0 F/in                 ; short        ; open          ; open            ; open  ; 0 V                 ; -                  ; n/a           ; n/a             ; n/a         ;
; segment_output[2]  ; 2.5 V        ; 0 in              ; 0 H/in                  ; 0 F/in                  ; short         ; -                   ; open           ; open             ; open   ; 0 in             ; 0 H/in                 ; 0 F/in                 ; short        ; open          ; open            ; open  ; 0 V                 ; -                  ; n/a           ; n/a             ; n/a         ;
; segment_output[3]  ; 2.5 V        ; 0 in              ; 0 H/in                  ; 0 F/in                  ; short         ; -                   ; open           ; open             ; open   ; 0 in             ; 0 H/in                 ; 0 F/in                 ; short        ; open          ; open            ; open  ; 0 V                 ; -                  ; n/a           ; n/a             ; n/a         ;
; segment_output[4]  ; 2.5 V        ; 0 in              ; 0 H/in                  ; 0 F/in                  ; short         ; -                   ; open           ; open             ; open   ; 0 in             ; 0 H/in                 ; 0 F/in                 ; short        ; open          ; open            ; open  ; 0 V                 ; -                  ; n/a           ; n/a             ; n/a         ;
; segment_output[5]  ; 2.5 V        ; 0 in              ; 0 H/in                  ; 0 F/in                  ; short         ; -                   ; open           ; open             ; open   ; 0 in             ; 0 H/in                 ; 0 F/in                 ; short        ; open          ; open            ; open  ; 0 V                 ; -                  ; n/a           ; n/a             ; n/a         ;
; segment_output[6]  ; 2.5 V        ; 0 in              ; 0 H/in                  ; 0 F/in                  ; short         ; -                   ; open           ; open             ; open   ; 0 in             ; 0 H/in                 ; 0 F/in                 ; short        ; open          ; open            ; open  ; 0 V                 ; -                  ; n/a           ; n/a             ; n/a         ;
; segment_output[7]  ; 2.5 V        ; 0 in              ; 0 H/in                  ; 0 F/in                  ; short         ; -                   ; open           ; open             ; open   ; 0 in             ; 0 H/in                 ; 0 F/in                 ; short        ; open          ; open            ; open  ; 0 V                 ; -                  ; n/a           ; n/a             ; n/a         ;
; segment_output[8]  ; 2.5 V        ; 0 in              ; 0 H/in                  ; 0 F/in                  ; short         ; -                   ; open           ; open             ; open   ; 0 in             ; 0 H/in                 ; 0 F/in                 ; short        ; open          ; open            ; open  ; 0 V                 ; -                  ; n/a           ; n/a             ; n/a         ;
; segment_output[9]  ; 2.5 V        ; 0 in              ; 0 H/in                  ; 0 F/in                  ; short         ; -                   ; open           ; open             ; open   ; 0 in             ; 0 H/in                 ; 0 F/in                 ; short        ; open          ; open            ; open  ; 0 V                 ; -                  ; n/a           ; n/a             ; n/a         ;
; segment_output[10] ; 2.5 V        ; 0 in              ; 0 H/in                  ; 0 F/in                  ; short         ; -                   ; open           ; open             ; open   ; 0 in             ; 0 H/in                 ; 0 F/in                 ; short        ; open          ; open            ; open  ; 0 V                 ; -                  ; n/a           ; n/a             ; n/a         ;
; segment_output[11] ; 2.5 V        ; 0 in              ; 0 H/in                  ; 0 F/in                  ; short         ; -                   ; open           ; open             ; open   ; 0 in             ; 0 H/in                 ; 0 F/in                 ; short        ; open          ; open            ; open  ; 0 V                 ; -                  ; n/a           ; n/a             ; n/a         ;
; segment_output[12] ; 2.5 V        ; 0 in              ; 0 H/in                  ; 0 F/in                  ; short         ; -                   ; open           ; open             ; open   ; 0 in             ; 0 H/in                 ; 0 F/in                 ; short        ; open          ; open            ; open  ; 0 V                 ; -                  ; n/a           ; n/a             ; n/a         ;
; segment_output[13] ; 2.5 V        ; 0 in              ; 0 H/in                  ; 0 F/in                  ; short         ; -                   ; open           ; open             ; open   ; 0 in             ; 0 H/in                 ; 0 F/in                 ; short        ; open          ; open            ; open  ; 0 V                 ; -                  ; n/a           ; n/a             ; n/a         ;
; segment_output[14] ; 2.5 V        ; 0 in              ; 0 H/in                  ; 0 F/in                  ; short         ; -                   ; open           ; open             ; open   ; 0 in             ; 0 H/in                 ; 0 F/in                 ; short        ; open          ; open            ; open  ; 0 V                 ; -                  ; n/a           ; n/a             ; n/a         ;
; segment_output[15] ; 2.5 V        ; 0 in              ; 0 H/in                  ; 0 F/in                  ; short         ; -                   ; open           ; open             ; open   ; 0 in             ; 0 H/in                 ; 0 F/in                 ; short        ; open          ; open            ; open  ; 0 V                 ; -                  ; n/a           ; n/a             ; n/a         ;
; segment_output[16] ; 2.5 V        ; 0 in              ; 0 H/in                  ; 0 F/in                  ; short         ; -                   ; open           ; open             ; open   ; 0 in             ; 0 H/in                 ; 0 F/in                 ; short        ; open          ; open            ; open  ; 0 V                 ; -                  ; n/a           ; n/a             ; n/a         ;
; segment_output[17] ; 2.5 V        ; 0 in              ; 0 H/in                  ; 0 F/in                  ; short         ; -                   ; open           ; open             ; open   ; 0 in             ; 0 H/in                 ; 0 F/in                 ; short        ; open          ; open            ; open  ; 0 V                 ; -                  ; n/a           ; n/a             ; n/a         ;
; segment_output[18] ; 2.5 V        ; 0 in              ; 0 H/in                  ; 0 F/in                  ; short         ; -                   ; open           ; open             ; open   ; 0 in             ; 0 H/in                 ; 0 F/in                 ; short        ; open          ; open            ; open  ; 0 V                 ; -                  ; n/a           ; n/a             ; n/a         ;
; segment_output[19] ; 2.5 V        ; 0 in              ; 0 H/in                  ; 0 F/in                  ; short         ; -                   ; open           ; open             ; open   ; 0 in             ; 0 H/in                 ; 0 F/in                 ; short        ; open          ; open            ; open  ; 0 V                 ; -                  ; n/a           ; n/a             ; n/a         ;
; segment_output[20] ; 2.5 V        ; 0 in              ; 0 H/in                  ; 0 F/in                  ; short         ; -                   ; open           ; open             ; open   ; 0 in             ; 0 H/in                 ; 0 F/in                 ; short        ; open          ; open            ; open  ; 0 V                 ; -                  ; n/a           ; n/a             ; n/a         ;
; segment_output[21] ; 2.5 V        ; 0 in              ; 0 H/in                  ; 0 F/in                  ; short         ; -                   ; open           ; open             ; open   ; 0 in             ; 0 H/in                 ; 0 F/in                 ; short        ; open          ; open            ; open  ; 0 V                 ; -                  ; n/a           ; n/a             ; n/a         ;
; segment_output[22] ; 2.5 V        ; 0 in              ; 0 H/in                  ; 0 F/in                  ; short         ; -                   ; open           ; open             ; open   ; 0 in             ; 0 H/in                 ; 0 F/in                 ; short        ; open          ; open            ; open  ; 0 V                 ; -                  ; n/a           ; n/a             ; n/a         ;
; segment_output[23] ; 2.5 V        ; 0 in              ; 0 H/in                  ; 0 F/in                  ; short         ; -                   ; open           ; open             ; open   ; 0 in             ; 0 H/in                 ; 0 F/in                 ; short        ; open          ; open            ; open  ; 0 V                 ; -                  ; n/a           ; n/a             ; n/a         ;
; segment_output[24] ; 2.5 V        ; 0 in              ; 0 H/in                  ; 0 F/in                  ; short         ; -                   ; open           ; open             ; open   ; 0 in             ; 0 H/in                 ; 0 F/in                 ; short        ; open          ; open            ; open  ; 0 V                 ; -                  ; n/a           ; n/a             ; n/a         ;
; segment_output[25] ; 2.5 V        ; 0 in              ; 0 H/in                  ; 0 F/in                  ; short         ; -                   ; open           ; open             ; open   ; 0 in             ; 0 H/in                 ; 0 F/in                 ; short        ; open          ; open            ; open  ; 0 V                 ; -                  ; n/a           ; n/a             ; n/a         ;
; segment_output[26] ; 2.5 V        ; 0 in              ; 0 H/in                  ; 0 F/in                  ; short         ; -                   ; open           ; open             ; open   ; 0 in             ; 0 H/in                 ; 0 F/in                 ; short        ; open          ; open            ; open  ; 0 V                 ; -                  ; n/a           ; n/a             ; n/a         ;
; segment_output[27] ; 2.5 V        ; 0 in              ; 0 H/in                  ; 0 F/in                  ; short         ; -                   ; open           ; open             ; open   ; 0 in             ; 0 H/in                 ; 0 F/in                 ; short        ; open          ; open            ; open  ; 0 V                 ; -                  ; n/a           ; n/a             ; n/a         ;
; segment_output[28] ; 2.5 V        ; 0 in              ; 0 H/in                  ; 0 F/in                  ; short         ; -                   ; open           ; open             ; open   ; 0 in             ; 0 H/in                 ; 0 F/in                 ; short        ; open          ; open            ; open  ; 0 V                 ; -                  ; n/a           ; n/a             ; n/a         ;
; segment_output[29] ; 2.5 V        ; 0 in              ; 0 H/in                  ; 0 F/in                  ; short         ; -                   ; open           ; open             ; open   ; 0 in             ; 0 H/in                 ; 0 F/in                 ; short        ; open          ; open            ; open  ; 0 V                 ; -                  ; n/a           ; n/a             ; n/a         ;
; segment_output[30] ; 2.5 V        ; 0 in              ; 0 H/in                  ; 0 F/in                  ; short         ; -                   ; open           ; open             ; open   ; 0 in             ; 0 H/in                 ; 0 F/in                 ; short        ; open          ; open            ; open  ; 0 V                 ; -                  ; n/a           ; n/a             ; n/a         ;
; segment_output[31] ; 2.5 V        ; 0 in              ; 0 H/in                  ; 0 F/in                  ; short         ; -                   ; open           ; open             ; open   ; 0 in             ; 0 H/in                 ; 0 F/in                 ; short        ; open          ; open            ; open  ; 0 V                 ; -                  ; n/a           ; n/a             ; n/a         ;
; segment_output[32] ; 2.5 V        ; 0 in              ; 0 H/in                  ; 0 F/in                  ; short         ; -                   ; open           ; open             ; open   ; 0 in             ; 0 H/in                 ; 0 F/in                 ; short        ; open          ; open            ; open  ; 0 V                 ; -                  ; n/a           ; n/a             ; n/a         ;
; segment_output[33] ; 2.5 V        ; 0 in              ; 0 H/in                  ; 0 F/in                  ; short         ; -                   ; open           ; open             ; open   ; 0 in             ; 0 H/in                 ; 0 F/in                 ; short        ; open          ; open            ; open  ; 0 V                 ; -                  ; n/a           ; n/a             ; n/a         ;
; segment_output[34] ; 2.5 V        ; 0 in              ; 0 H/in                  ; 0 F/in                  ; short         ; -                   ; open           ; open             ; open   ; 0 in             ; 0 H/in                 ; 0 F/in                 ; short        ; open          ; open            ; open  ; 0 V                 ; -                  ; n/a           ; n/a             ; n/a         ;
; segment_output[35] ; 2.5 V        ; 0 in              ; 0 H/in                  ; 0 F/in                  ; short         ; -                   ; open           ; open             ; open   ; 0 in             ; 0 H/in                 ; 0 F/in                 ; short        ; open          ; open            ; open  ; 0 V                 ; -                  ; n/a           ; n/a             ; n/a         ;
; segment_output[36] ; 2.5 V        ; 0 in              ; 0 H/in                  ; 0 F/in                  ; short         ; -                   ; open           ; open             ; open   ; 0 in             ; 0 H/in                 ; 0 F/in                 ; short        ; open          ; open            ; open  ; 0 V                 ; -                  ; n/a           ; n/a             ; n/a         ;
; segment_output[37] ; 2.5 V        ; 0 in              ; 0 H/in                  ; 0 F/in                  ; short         ; -                   ; open           ; open             ; open   ; 0 in             ; 0 H/in                 ; 0 F/in                 ; short        ; open          ; open            ; open  ; 0 V                 ; -                  ; n/a           ; n/a             ; n/a         ;
; segment_output[38] ; 2.5 V        ; 0 in              ; 0 H/in                  ; 0 F/in                  ; short         ; -                   ; open           ; open             ; open   ; 0 in             ; 0 H/in                 ; 0 F/in                 ; short        ; open          ; open            ; open  ; 0 V                 ; -                  ; n/a           ; n/a             ; n/a         ;
; segment_output[39] ; 2.5 V        ; 0 in              ; 0 H/in                  ; 0 F/in                  ; short         ; -                   ; open           ; open             ; open   ; 0 in             ; 0 H/in                 ; 0 F/in                 ; short        ; open          ; open            ; open  ; 0 V                 ; -                  ; n/a           ; n/a             ; n/a         ;
; segment_output[40] ; 2.5 V        ; 0 in              ; 0 H/in                  ; 0 F/in                  ; short         ; -                   ; open           ; open             ; open   ; 0 in             ; 0 H/in                 ; 0 F/in                 ; short        ; open          ; open            ; open  ; 0 V                 ; -                  ; n/a           ; n/a             ; n/a         ;
; segment_output[41] ; 2.5 V        ; 0 in              ; 0 H/in                  ; 0 F/in                  ; short         ; -                   ; open           ; open             ; open   ; 0 in             ; 0 H/in                 ; 0 F/in                 ; short        ; open          ; open            ; open  ; 0 V                 ; -                  ; n/a           ; n/a             ; n/a         ;
; segment_output[42] ; 2.5 V        ; 0 in              ; 0 H/in                  ; 0 F/in                  ; short         ; -                   ; open           ; open             ; open   ; 0 in             ; 0 H/in                 ; 0 F/in                 ; short        ; open          ; open            ; open  ; 0 V                 ; -                  ; n/a           ; n/a             ; n/a         ;
; segment_output[43] ; 2.5 V        ; 0 in              ; 0 H/in                  ; 0 F/in                  ; short         ; -                   ; open           ; open             ; open   ; 0 in             ; 0 H/in                 ; 0 F/in                 ; short        ; open          ; open            ; open  ; 0 V                 ; -                  ; n/a           ; n/a             ; n/a         ;
; segment_output[44] ; 2.5 V        ; 0 in              ; 0 H/in                  ; 0 F/in                  ; short         ; -                   ; open           ; open             ; open   ; 0 in             ; 0 H/in                 ; 0 F/in                 ; short        ; open          ; open            ; open  ; 0 V                 ; -                  ; n/a           ; n/a             ; n/a         ;
; segment_output[45] ; 2.5 V        ; 0 in              ; 0 H/in                  ; 0 F/in                  ; short         ; -                   ; open           ; open             ; open   ; 0 in             ; 0 H/in                 ; 0 F/in                 ; short        ; open          ; open            ; open  ; 0 V                 ; -                  ; n/a           ; n/a             ; n/a         ;
; segment_output[46] ; 2.5 V        ; 0 in              ; 0 H/in                  ; 0 F/in                  ; short         ; -                   ; open           ; open             ; open   ; 0 in             ; 0 H/in                 ; 0 F/in                 ; short        ; open          ; open            ; open  ; 0 V                 ; -                  ; n/a           ; n/a             ; n/a         ;
; segment_output[47] ; 2.5 V        ; 0 in              ; 0 H/in                  ; 0 F/in                  ; short         ; -                   ; open           ; open             ; open   ; 0 in             ; 0 H/in                 ; 0 F/in                 ; short        ; open          ; open            ; open  ; 0 V                 ; -                  ; n/a           ; n/a             ; n/a         ;
; segment_output[48] ; 2.5 V        ; 0 in              ; 0 H/in                  ; 0 F/in                  ; short         ; -                   ; open           ; open             ; open   ; 0 in             ; 0 H/in                 ; 0 F/in                 ; short        ; open          ; open            ; open  ; 0 V                 ; -                  ; n/a           ; n/a             ; n/a         ;
; segment_output[49] ; 2.5 V        ; 0 in              ; 0 H/in                  ; 0 F/in                  ; short         ; -                   ; open           ; open             ; open   ; 0 in             ; 0 H/in                 ; 0 F/in                 ; short        ; open          ; open            ; open  ; 0 V                 ; -                  ; n/a           ; n/a             ; n/a         ;
; segment_output[50] ; 2.5 V        ; 0 in              ; 0 H/in                  ; 0 F/in                  ; short         ; -                   ; open           ; open             ; open   ; 0 in             ; 0 H/in                 ; 0 F/in                 ; short        ; open          ; open            ; open  ; 0 V                 ; -                  ; n/a           ; n/a             ; n/a         ;
; segment_output[51] ; 2.5 V        ; 0 in              ; 0 H/in                  ; 0 F/in                  ; short         ; -                   ; open           ; open             ; open   ; 0 in             ; 0 H/in                 ; 0 F/in                 ; short        ; open          ; open            ; open  ; 0 V                 ; -                  ; n/a           ; n/a             ; n/a         ;
; segment_output[52] ; 2.5 V        ; 0 in              ; 0 H/in                  ; 0 F/in                  ; short         ; -                   ; open           ; open             ; open   ; 0 in             ; 0 H/in                 ; 0 F/in                 ; short        ; open          ; open            ; open  ; 0 V                 ; -                  ; n/a           ; n/a             ; n/a         ;
; segment_output[53] ; 2.5 V        ; 0 in              ; 0 H/in                  ; 0 F/in                  ; short         ; -                   ; open           ; open             ; open   ; 0 in             ; 0 H/in                 ; 0 F/in                 ; short        ; open          ; open            ; open  ; 0 V                 ; -                  ; n/a           ; n/a             ; n/a         ;
; segment_output[54] ; 2.5 V        ; 0 in              ; 0 H/in                  ; 0 F/in                  ; short         ; -                   ; open           ; open             ; open   ; 0 in             ; 0 H/in                 ; 0 F/in                 ; short        ; open          ; open            ; open  ; 0 V                 ; -                  ; n/a           ; n/a             ; n/a         ;
; segment_output[55] ; 2.5 V        ; 0 in              ; 0 H/in                  ; 0 F/in                  ; short         ; -                   ; open           ; open             ; open   ; 0 in             ; 0 H/in                 ; 0 F/in                 ; short        ; open          ; open            ; open  ; 0 V                 ; -                  ; n/a           ; n/a             ; n/a         ;
; ~ALTERA_DCLK~      ; 2.5 V        ; 0 in              ; 0 H/in                  ; 0 F/in                  ; short         ; -                   ; open           ; open             ; open   ; 0 in             ; 0 H/in                 ; 0 F/in                 ; short        ; open          ; open            ; open  ; 0 V                 ; -                  ; n/a           ; n/a             ; n/a         ;
; ~ALTERA_nCEO~      ; 2.5 V        ; 0 in              ; 0 H/in                  ; 0 F/in                  ; short         ; -                   ; open           ; open             ; open   ; 0 in             ; 0 H/in                 ; 0 F/in                 ; short        ; open          ; open            ; open  ; 0 V                 ; -                  ; n/a           ; n/a             ; n/a         ;
+--------------------+--------------+-------------------+-------------------------+-------------------------+---------------+---------------------+----------------+------------------+--------+------------------+------------------------+------------------------+--------------+---------------+-----------------+-------+---------------------+--------------------+---------------+-----------------+-------------+


+----------------------------------------------------------------------------+
; Input Transition Times                                                     ;
+-------------------------+--------------+-----------------+-----------------+
; Pin                     ; I/O Standard ; 10-90 Rise Time ; 90-10 Fall Time ;
+-------------------------+--------------+-----------------+-----------------+
; clk                     ; 2.5 V        ; 2000 ps         ; 2000 ps         ;
; rstn                    ; 2.5 V        ; 2000 ps         ; 2000 ps         ;
; ~ALTERA_ASDO_DATA1~     ; 2.5 V        ; 2000 ps         ; 2000 ps         ;
; ~ALTERA_FLASH_nCE_nCSO~ ; 2.5 V        ; 2000 ps         ; 2000 ps         ;
; ~ALTERA_DATA0~          ; 2.5 V        ; 2000 ps         ; 2000 ps         ;
+-------------------------+--------------+-----------------+-----------------+


+-------------------------------------------------------------------------------------------------------------------------------------------------------------------------------------------------------------------------------------------------------------------------------------------------------------------------------------------------------------------------------------------------------------------------------------------------------------------------------------------------------------------------------------------------------------------------------------------------------------------------------------------------------------------------------------------------+
; Signal Integrity Metrics (Slow 1200mv 0c Model)                                                                                                                                                                                                                                                                                                                                                                                                                                                                                                                                                                                                                                                 ;
+--------------------+--------------+---------------------+---------------------+------------------------------+------------------------------+---------------------+---------------------+--------------------------------------+--------------------------------------+-----------------------------+-----------------------------+----------------------------+----------------------------+-----------------------------+-----------------------------+--------------------+--------------------+-------------------------------------+-------------------------------------+----------------------------+----------------------------+---------------------------+---------------------------+
; Pin                ; I/O Standard ; Board Delay on Rise ; Board Delay on Fall ; Steady State Voh at FPGA Pin ; Steady State Vol at FPGA Pin ; Voh Max at FPGA Pin ; Vol Min at FPGA Pin ; Ringback Voltage on Rise at FPGA Pin ; Ringback Voltage on Fall at FPGA Pin ; 10-90 Rise Time at FPGA Pin ; 90-10 Fall Time at FPGA Pin ; Monotonic Rise at FPGA Pin ; Monotonic Fall at FPGA Pin ; Steady State Voh at Far-end ; Steady State Vol at Far-end ; Voh Max at Far-end ; Vol Min at Far-end ; Ringback Voltage on Rise at Far-end ; Ringback Voltage on Fall at Far-end ; 10-90 Rise Time at Far-end ; 90-10 Fall Time at Far-end ; Monotonic Rise at Far-end ; Monotonic Fall at Far-end ;
+--------------------+--------------+---------------------+---------------------+------------------------------+------------------------------+---------------------+---------------------+--------------------------------------+--------------------------------------+-----------------------------+-----------------------------+----------------------------+----------------------------+-----------------------------+-----------------------------+--------------------+--------------------+-------------------------------------+-------------------------------------+----------------------------+----------------------------+---------------------------+---------------------------+
; segment_output[0]  ; 2.5 V        ; 0 s                 ; 0 s                 ; 2.32 V                       ; 4.49e-09 V                   ; 2.38 V              ; -0.00552 V          ; 0.096 V                              ; 0.019 V                              ; 4.18e-10 s                  ; 3.59e-10 s                  ; No                         ; Yes                        ; 2.32 V                      ; 4.49e-09 V                  ; 2.38 V             ; -0.00552 V         ; 0.096 V                             ; 0.019 V                             ; 4.18e-10 s                 ; 3.59e-10 s                 ; No                        ; Yes                       ;
; segment_output[1]  ; 2.5 V        ; 0 s                 ; 0 s                 ; 2.32 V                       ; 4.49e-09 V                   ; 2.38 V              ; -0.00552 V          ; 0.096 V                              ; 0.019 V                              ; 4.18e-10 s                  ; 3.59e-10 s                  ; No                         ; Yes                        ; 2.32 V                      ; 4.49e-09 V                  ; 2.38 V             ; -0.00552 V         ; 0.096 V                             ; 0.019 V                             ; 4.18e-10 s                 ; 3.59e-10 s                 ; No                        ; Yes                       ;
; segment_output[2]  ; 2.5 V        ; 0 s                 ; 0 s                 ; 2.32 V                       ; 4.49e-09 V                   ; 2.38 V              ; -0.00552 V          ; 0.096 V                              ; 0.019 V                              ; 4.18e-10 s                  ; 3.59e-10 s                  ; No                         ; Yes                        ; 2.32 V                      ; 4.49e-09 V                  ; 2.38 V             ; -0.00552 V         ; 0.096 V                             ; 0.019 V                             ; 4.18e-10 s                 ; 3.59e-10 s                 ; No                        ; Yes                       ;
; segment_output[3]  ; 2.5 V        ; 0 s                 ; 0 s                 ; 2.32 V                       ; 4.49e-09 V                   ; 2.38 V              ; -0.00552 V          ; 0.096 V                              ; 0.019 V                              ; 4.18e-10 s                  ; 3.59e-10 s                  ; No                         ; Yes                        ; 2.32 V                      ; 4.49e-09 V                  ; 2.38 V             ; -0.00552 V         ; 0.096 V                             ; 0.019 V                             ; 4.18e-10 s                 ; 3.59e-10 s                 ; No                        ; Yes                       ;
; segment_output[4]  ; 2.5 V        ; 0 s                 ; 0 s                 ; 2.32 V                       ; 4.49e-09 V                   ; 2.38 V              ; -0.00552 V          ; 0.096 V                              ; 0.019 V                              ; 4.18e-10 s                  ; 3.59e-10 s                  ; No                         ; Yes                        ; 2.32 V                      ; 4.49e-09 V                  ; 2.38 V             ; -0.00552 V         ; 0.096 V                             ; 0.019 V                             ; 4.18e-10 s                 ; 3.59e-10 s                 ; No                        ; Yes                       ;
; segment_output[5]  ; 2.5 V        ; 0 s                 ; 0 s                 ; 2.32 V                       ; 3.07e-09 V                   ; 2.37 V              ; -0.00994 V          ; 0.186 V                              ; 0.028 V                              ; 4.98e-10 s                  ; 4.96e-10 s                  ; Yes                        ; Yes                        ; 2.32 V                      ; 3.07e-09 V                  ; 2.37 V             ; -0.00994 V         ; 0.186 V                             ; 0.028 V                             ; 4.98e-10 s                 ; 4.96e-10 s                 ; Yes                       ; Yes                       ;
; segment_output[6]  ; 2.5 V        ; 0 s                 ; 0 s                 ; 2.32 V                       ; 4.49e-09 V                   ; 2.38 V              ; -0.00552 V          ; 0.096 V                              ; 0.019 V                              ; 4.18e-10 s                  ; 3.59e-10 s                  ; No                         ; Yes                        ; 2.32 V                      ; 4.49e-09 V                  ; 2.38 V             ; -0.00552 V         ; 0.096 V                             ; 0.019 V                             ; 4.18e-10 s                 ; 3.59e-10 s                 ; No                        ; Yes                       ;
; segment_output[7]  ; 2.5 V        ; 0 s                 ; 0 s                 ; 2.32 V                       ; 3.07e-09 V                   ; 2.37 V              ; -0.00994 V          ; 0.186 V                              ; 0.028 V                              ; 4.98e-10 s                  ; 4.96e-10 s                  ; Yes                        ; Yes                        ; 2.32 V                      ; 3.07e-09 V                  ; 2.37 V             ; -0.00994 V         ; 0.186 V                             ; 0.028 V                             ; 4.98e-10 s                 ; 4.96e-10 s                 ; Yes                       ; Yes                       ;
; segment_output[8]  ; 2.5 V        ; 0 s                 ; 0 s                 ; 2.32 V                       ; 4.49e-09 V                   ; 2.38 V              ; -0.00552 V          ; 0.096 V                              ; 0.019 V                              ; 4.18e-10 s                  ; 3.59e-10 s                  ; No                         ; Yes                        ; 2.32 V                      ; 4.49e-09 V                  ; 2.38 V             ; -0.00552 V         ; 0.096 V                             ; 0.019 V                             ; 4.18e-10 s                 ; 3.59e-10 s                 ; No                        ; Yes                       ;
; segment_output[9]  ; 2.5 V        ; 0 s                 ; 0 s                 ; 2.32 V                       ; 4.49e-09 V                   ; 2.38 V              ; -0.00552 V          ; 0.096 V                              ; 0.019 V                              ; 4.18e-10 s                  ; 3.59e-10 s                  ; No                         ; Yes                        ; 2.32 V                      ; 4.49e-09 V                  ; 2.38 V             ; -0.00552 V         ; 0.096 V                             ; 0.019 V                             ; 4.18e-10 s                 ; 3.59e-10 s                 ; No                        ; Yes                       ;
; segment_output[10] ; 2.5 V        ; 0 s                 ; 0 s                 ; 2.32 V                       ; 4.49e-09 V                   ; 2.38 V              ; -0.00552 V          ; 0.096 V                              ; 0.019 V                              ; 4.18e-10 s                  ; 3.59e-10 s                  ; No                         ; Yes                        ; 2.32 V                      ; 4.49e-09 V                  ; 2.38 V             ; -0.00552 V         ; 0.096 V                             ; 0.019 V                             ; 4.18e-10 s                 ; 3.59e-10 s                 ; No                        ; Yes                       ;
; segment_output[11] ; 2.5 V        ; 0 s                 ; 0 s                 ; 2.32 V                       ; 4.49e-09 V                   ; 2.38 V              ; -0.00552 V          ; 0.096 V                              ; 0.019 V                              ; 4.18e-10 s                  ; 3.59e-10 s                  ; No                         ; Yes                        ; 2.32 V                      ; 4.49e-09 V                  ; 2.38 V             ; -0.00552 V         ; 0.096 V                             ; 0.019 V                             ; 4.18e-10 s                 ; 3.59e-10 s                 ; No                        ; Yes                       ;
; segment_output[12] ; 2.5 V        ; 0 s                 ; 0 s                 ; 2.32 V                       ; 4.49e-09 V                   ; 2.33 V              ; -0.00467 V          ; 0.226 V                              ; 0.087 V                              ; 2.91e-09 s                  ; 2.74e-09 s                  ; Yes                        ; Yes                        ; 2.32 V                      ; 4.49e-09 V                  ; 2.33 V             ; -0.00467 V         ; 0.226 V                             ; 0.087 V                             ; 2.91e-09 s                 ; 2.74e-09 s                 ; Yes                       ; Yes                       ;
; segment_output[13] ; 2.5 V        ; 0 s                 ; 0 s                 ; 2.32 V                       ; 3.07e-09 V                   ; 2.37 V              ; -0.00994 V          ; 0.186 V                              ; 0.028 V                              ; 4.98e-10 s                  ; 4.96e-10 s                  ; Yes                        ; Yes                        ; 2.32 V                      ; 3.07e-09 V                  ; 2.37 V             ; -0.00994 V         ; 0.186 V                             ; 0.028 V                             ; 4.98e-10 s                 ; 4.96e-10 s                 ; Yes                       ; Yes                       ;
; segment_output[14] ; 2.5 V        ; 0 s                 ; 0 s                 ; 2.32 V                       ; 3.07e-09 V                   ; 2.37 V              ; -0.00994 V          ; 0.186 V                              ; 0.028 V                              ; 4.98e-10 s                  ; 4.96e-10 s                  ; Yes                        ; Yes                        ; 2.32 V                      ; 3.07e-09 V                  ; 2.37 V             ; -0.00994 V         ; 0.186 V                             ; 0.028 V                             ; 4.98e-10 s                 ; 4.96e-10 s                 ; Yes                       ; Yes                       ;
; segment_output[15] ; 2.5 V        ; 0 s                 ; 0 s                 ; 2.32 V                       ; 4.49e-09 V                   ; 2.38 V              ; -0.00552 V          ; 0.096 V                              ; 0.019 V                              ; 4.18e-10 s                  ; 3.59e-10 s                  ; No                         ; Yes                        ; 2.32 V                      ; 4.49e-09 V                  ; 2.38 V             ; -0.00552 V         ; 0.096 V                             ; 0.019 V                             ; 4.18e-10 s                 ; 3.59e-10 s                 ; No                        ; Yes                       ;
; segment_output[16] ; 2.5 V        ; 0 s                 ; 0 s                 ; 2.32 V                       ; 4.49e-09 V                   ; 2.38 V              ; -0.00552 V          ; 0.096 V                              ; 0.019 V                              ; 4.18e-10 s                  ; 3.59e-10 s                  ; No                         ; Yes                        ; 2.32 V                      ; 4.49e-09 V                  ; 2.38 V             ; -0.00552 V         ; 0.096 V                             ; 0.019 V                             ; 4.18e-10 s                 ; 3.59e-10 s                 ; No                        ; Yes                       ;
; segment_output[17] ; 2.5 V        ; 0 s                 ; 0 s                 ; 2.32 V                       ; 4.49e-09 V                   ; 2.38 V              ; -0.00552 V          ; 0.096 V                              ; 0.019 V                              ; 4.18e-10 s                  ; 3.59e-10 s                  ; No                         ; Yes                        ; 2.32 V                      ; 4.49e-09 V                  ; 2.38 V             ; -0.00552 V         ; 0.096 V                             ; 0.019 V                             ; 4.18e-10 s                 ; 3.59e-10 s                 ; No                        ; Yes                       ;
; segment_output[18] ; 2.5 V        ; 0 s                 ; 0 s                 ; 2.32 V                       ; 4.49e-09 V                   ; 2.33 V              ; -0.00467 V          ; 0.226 V                              ; 0.087 V                              ; 2.91e-09 s                  ; 2.74e-09 s                  ; Yes                        ; Yes                        ; 2.32 V                      ; 4.49e-09 V                  ; 2.33 V             ; -0.00467 V         ; 0.226 V                             ; 0.087 V                             ; 2.91e-09 s                 ; 2.74e-09 s                 ; Yes                       ; Yes                       ;
; segment_output[19] ; 2.5 V        ; 0 s                 ; 0 s                 ; 2.32 V                       ; 4.49e-09 V                   ; 2.38 V              ; -0.00552 V          ; 0.096 V                              ; 0.019 V                              ; 4.18e-10 s                  ; 3.59e-10 s                  ; No                         ; Yes                        ; 2.32 V                      ; 4.49e-09 V                  ; 2.38 V             ; -0.00552 V         ; 0.096 V                             ; 0.019 V                             ; 4.18e-10 s                 ; 3.59e-10 s                 ; No                        ; Yes                       ;
; segment_output[20] ; 2.5 V        ; 0 s                 ; 0 s                 ; 2.32 V                       ; 3.07e-09 V                   ; 2.38 V              ; -0.0144 V           ; 0.227 V                              ; 0.024 V                              ; 3.14e-10 s                  ; 3.39e-10 s                  ; Yes                        ; Yes                        ; 2.32 V                      ; 3.07e-09 V                  ; 2.38 V             ; -0.0144 V          ; 0.227 V                             ; 0.024 V                             ; 3.14e-10 s                 ; 3.39e-10 s                 ; Yes                       ; Yes                       ;
; segment_output[21] ; 2.5 V        ; 0 s                 ; 0 s                 ; 2.32 V                       ; 3.07e-09 V                   ; 2.37 V              ; -0.00994 V          ; 0.186 V                              ; 0.028 V                              ; 4.98e-10 s                  ; 4.96e-10 s                  ; Yes                        ; Yes                        ; 2.32 V                      ; 3.07e-09 V                  ; 2.37 V             ; -0.00994 V         ; 0.186 V                             ; 0.028 V                             ; 4.98e-10 s                 ; 4.96e-10 s                 ; Yes                       ; Yes                       ;
; segment_output[22] ; 2.5 V        ; 0 s                 ; 0 s                 ; 2.32 V                       ; 3.07e-09 V                   ; 2.37 V              ; -0.00994 V          ; 0.186 V                              ; 0.028 V                              ; 4.98e-10 s                  ; 4.96e-10 s                  ; Yes                        ; Yes                        ; 2.32 V                      ; 3.07e-09 V                  ; 2.37 V             ; -0.00994 V         ; 0.186 V                             ; 0.028 V                             ; 4.98e-10 s                 ; 4.96e-10 s                 ; Yes                       ; Yes                       ;
; segment_output[23] ; 2.5 V        ; 0 s                 ; 0 s                 ; 2.32 V                       ; 4.49e-09 V                   ; 2.33 V              ; -0.00467 V          ; 0.226 V                              ; 0.087 V                              ; 2.91e-09 s                  ; 2.74e-09 s                  ; Yes                        ; Yes                        ; 2.32 V                      ; 4.49e-09 V                  ; 2.33 V             ; -0.00467 V         ; 0.226 V                             ; 0.087 V                             ; 2.91e-09 s                 ; 2.74e-09 s                 ; Yes                       ; Yes                       ;
; segment_output[24] ; 2.5 V        ; 0 s                 ; 0 s                 ; 2.32 V                       ; 4.49e-09 V                   ; 2.38 V              ; -0.00552 V          ; 0.096 V                              ; 0.019 V                              ; 4.18e-10 s                  ; 3.59e-10 s                  ; No                         ; Yes                        ; 2.32 V                      ; 4.49e-09 V                  ; 2.38 V             ; -0.00552 V         ; 0.096 V                             ; 0.019 V                             ; 4.18e-10 s                 ; 3.59e-10 s                 ; No                        ; Yes                       ;
; segment_output[25] ; 2.5 V        ; 0 s                 ; 0 s                 ; 2.32 V                       ; 4.49e-09 V                   ; 2.38 V              ; -0.00552 V          ; 0.096 V                              ; 0.019 V                              ; 4.18e-10 s                  ; 3.59e-10 s                  ; No                         ; Yes                        ; 2.32 V                      ; 4.49e-09 V                  ; 2.38 V             ; -0.00552 V         ; 0.096 V                             ; 0.019 V                             ; 4.18e-10 s                 ; 3.59e-10 s                 ; No                        ; Yes                       ;
; segment_output[26] ; 2.5 V        ; 0 s                 ; 0 s                 ; 2.32 V                       ; 4.49e-09 V                   ; 2.38 V              ; -0.00552 V          ; 0.096 V                              ; 0.019 V                              ; 4.18e-10 s                  ; 3.59e-10 s                  ; No                         ; Yes                        ; 2.32 V                      ; 4.49e-09 V                  ; 2.38 V             ; -0.00552 V         ; 0.096 V                             ; 0.019 V                             ; 4.18e-10 s                 ; 3.59e-10 s                 ; No                        ; Yes                       ;
; segment_output[27] ; 2.5 V        ; 0 s                 ; 0 s                 ; 2.32 V                       ; 4.49e-09 V                   ; 2.38 V              ; -0.00552 V          ; 0.096 V                              ; 0.019 V                              ; 4.18e-10 s                  ; 3.59e-10 s                  ; No                         ; Yes                        ; 2.32 V                      ; 4.49e-09 V                  ; 2.38 V             ; -0.00552 V         ; 0.096 V                             ; 0.019 V                             ; 4.18e-10 s                 ; 3.59e-10 s                 ; No                        ; Yes                       ;
; segment_output[28] ; 2.5 V        ; 0 s                 ; 0 s                 ; 2.32 V                       ; 3.07e-09 V                   ; 2.37 V              ; -0.00994 V          ; 0.186 V                              ; 0.028 V                              ; 4.98e-10 s                  ; 4.96e-10 s                  ; Yes                        ; Yes                        ; 2.32 V                      ; 3.07e-09 V                  ; 2.37 V             ; -0.00994 V         ; 0.186 V                             ; 0.028 V                             ; 4.98e-10 s                 ; 4.96e-10 s                 ; Yes                       ; Yes                       ;
; segment_output[29] ; 2.5 V        ; 0 s                 ; 0 s                 ; 2.32 V                       ; 3.07e-09 V                   ; 2.37 V              ; -0.00994 V          ; 0.186 V                              ; 0.028 V                              ; 4.98e-10 s                  ; 4.96e-10 s                  ; Yes                        ; Yes                        ; 2.32 V                      ; 3.07e-09 V                  ; 2.37 V             ; -0.00994 V         ; 0.186 V                             ; 0.028 V                             ; 4.98e-10 s                 ; 4.96e-10 s                 ; Yes                       ; Yes                       ;
; segment_output[30] ; 2.5 V        ; 0 s                 ; 0 s                 ; 2.32 V                       ; 3.07e-09 V                   ; 2.38 V              ; -0.0144 V           ; 0.227 V                              ; 0.024 V                              ; 3.14e-10 s                  ; 3.39e-10 s                  ; Yes                        ; Yes                        ; 2.32 V                      ; 3.07e-09 V                  ; 2.38 V             ; -0.0144 V          ; 0.227 V                             ; 0.024 V                             ; 3.14e-10 s                 ; 3.39e-10 s                 ; Yes                       ; Yes                       ;
; segment_output[31] ; 2.5 V        ; 0 s                 ; 0 s                 ; 2.32 V                       ; 4.49e-09 V                   ; 2.38 V              ; -0.00552 V          ; 0.096 V                              ; 0.019 V                              ; 4.18e-10 s                  ; 3.59e-10 s                  ; No                         ; Yes                        ; 2.32 V                      ; 4.49e-09 V                  ; 2.38 V             ; -0.00552 V         ; 0.096 V                             ; 0.019 V                             ; 4.18e-10 s                 ; 3.59e-10 s                 ; No                        ; Yes                       ;
; segment_output[32] ; 2.5 V        ; 0 s                 ; 0 s                 ; 2.32 V                       ; 4.49e-09 V                   ; 2.38 V              ; -0.00552 V          ; 0.096 V                              ; 0.019 V                              ; 4.18e-10 s                  ; 3.59e-10 s                  ; No                         ; Yes                        ; 2.32 V                      ; 4.49e-09 V                  ; 2.38 V             ; -0.00552 V         ; 0.096 V                             ; 0.019 V                             ; 4.18e-10 s                 ; 3.59e-10 s                 ; No                        ; Yes                       ;
; segment_output[33] ; 2.5 V        ; 0 s                 ; 0 s                 ; 2.32 V                       ; 4.49e-09 V                   ; 2.38 V              ; -0.00552 V          ; 0.096 V                              ; 0.019 V                              ; 4.18e-10 s                  ; 3.59e-10 s                  ; No                         ; Yes                        ; 2.32 V                      ; 4.49e-09 V                  ; 2.38 V             ; -0.00552 V         ; 0.096 V                             ; 0.019 V                             ; 4.18e-10 s                 ; 3.59e-10 s                 ; No                        ; Yes                       ;
; segment_output[34] ; 2.5 V        ; 0 s                 ; 0 s                 ; 2.32 V                       ; 4.49e-09 V                   ; 2.38 V              ; -0.00552 V          ; 0.096 V                              ; 0.019 V                              ; 4.18e-10 s                  ; 3.59e-10 s                  ; No                         ; Yes                        ; 2.32 V                      ; 4.49e-09 V                  ; 2.38 V             ; -0.00552 V         ; 0.096 V                             ; 0.019 V                             ; 4.18e-10 s                 ; 3.59e-10 s                 ; No                        ; Yes                       ;
; segment_output[35] ; 2.5 V        ; 0 s                 ; 0 s                 ; 2.32 V                       ; 4.49e-09 V                   ; 2.38 V              ; -0.00552 V          ; 0.096 V                              ; 0.019 V                              ; 4.18e-10 s                  ; 3.59e-10 s                  ; No                         ; Yes                        ; 2.32 V                      ; 4.49e-09 V                  ; 2.38 V             ; -0.00552 V         ; 0.096 V                             ; 0.019 V                             ; 4.18e-10 s                 ; 3.59e-10 s                 ; No                        ; Yes                       ;
; segment_output[36] ; 2.5 V        ; 0 s                 ; 0 s                 ; 2.32 V                       ; 4.49e-09 V                   ; 2.38 V              ; -0.00552 V          ; 0.096 V                              ; 0.019 V                              ; 4.18e-10 s                  ; 3.59e-10 s                  ; No                         ; Yes                        ; 2.32 V                      ; 4.49e-09 V                  ; 2.38 V             ; -0.00552 V         ; 0.096 V                             ; 0.019 V                             ; 4.18e-10 s                 ; 3.59e-10 s                 ; No                        ; Yes                       ;
; segment_output[37] ; 2.5 V        ; 0 s                 ; 0 s                 ; 2.32 V                       ; 4.49e-09 V                   ; 2.38 V              ; -0.00552 V          ; 0.096 V                              ; 0.019 V                              ; 4.18e-10 s                  ; 3.59e-10 s                  ; No                         ; Yes                        ; 2.32 V                      ; 4.49e-09 V                  ; 2.38 V             ; -0.00552 V         ; 0.096 V                             ; 0.019 V                             ; 4.18e-10 s                 ; 3.59e-10 s                 ; No                        ; Yes                       ;
; segment_output[38] ; 2.5 V        ; 0 s                 ; 0 s                 ; 2.32 V                       ; 4.49e-09 V                   ; 2.38 V              ; -0.00552 V          ; 0.096 V                              ; 0.019 V                              ; 4.18e-10 s                  ; 3.59e-10 s                  ; No                         ; Yes                        ; 2.32 V                      ; 4.49e-09 V                  ; 2.38 V             ; -0.00552 V         ; 0.096 V                             ; 0.019 V                             ; 4.18e-10 s                 ; 3.59e-10 s                 ; No                        ; Yes                       ;
; segment_output[39] ; 2.5 V        ; 0 s                 ; 0 s                 ; 2.32 V                       ; 4.49e-09 V                   ; 2.38 V              ; -0.00552 V          ; 0.096 V                              ; 0.019 V                              ; 4.18e-10 s                  ; 3.59e-10 s                  ; No                         ; Yes                        ; 2.32 V                      ; 4.49e-09 V                  ; 2.38 V             ; -0.00552 V         ; 0.096 V                             ; 0.019 V                             ; 4.18e-10 s                 ; 3.59e-10 s                 ; No                        ; Yes                       ;
; segment_output[40] ; 2.5 V        ; 0 s                 ; 0 s                 ; 2.32 V                       ; 4.49e-09 V                   ; 2.38 V              ; -0.00552 V          ; 0.096 V                              ; 0.019 V                              ; 4.18e-10 s                  ; 3.59e-10 s                  ; No                         ; Yes                        ; 2.32 V                      ; 4.49e-09 V                  ; 2.38 V             ; -0.00552 V         ; 0.096 V                             ; 0.019 V                             ; 4.18e-10 s                 ; 3.59e-10 s                 ; No                        ; Yes                       ;
; segment_output[41] ; 2.5 V        ; 0 s                 ; 0 s                 ; 2.32 V                       ; 4.49e-09 V                   ; 2.38 V              ; -0.00552 V          ; 0.096 V                              ; 0.019 V                              ; 4.18e-10 s                  ; 3.59e-10 s                  ; No                         ; Yes                        ; 2.32 V                      ; 4.49e-09 V                  ; 2.38 V             ; -0.00552 V         ; 0.096 V                             ; 0.019 V                             ; 4.18e-10 s                 ; 3.59e-10 s                 ; No                        ; Yes                       ;
; segment_output[42] ; 2.5 V        ; 0 s                 ; 0 s                 ; 2.32 V                       ; 4.49e-09 V                   ; 2.38 V              ; -0.00552 V          ; 0.096 V                              ; 0.019 V                              ; 4.18e-10 s                  ; 3.59e-10 s                  ; No                         ; Yes                        ; 2.32 V                      ; 4.49e-09 V                  ; 2.38 V             ; -0.00552 V         ; 0.096 V                             ; 0.019 V                             ; 4.18e-10 s                 ; 3.59e-10 s                 ; No                        ; Yes                       ;
; segment_output[43] ; 2.5 V        ; 0 s                 ; 0 s                 ; 2.32 V                       ; 4.49e-09 V                   ; 2.38 V              ; -0.00552 V          ; 0.096 V                              ; 0.019 V                              ; 4.18e-10 s                  ; 3.59e-10 s                  ; No                         ; Yes                        ; 2.32 V                      ; 4.49e-09 V                  ; 2.38 V             ; -0.00552 V         ; 0.096 V                             ; 0.019 V                             ; 4.18e-10 s                 ; 3.59e-10 s                 ; No                        ; Yes                       ;
; segment_output[44] ; 2.5 V        ; 0 s                 ; 0 s                 ; 2.32 V                       ; 4.49e-09 V                   ; 2.38 V              ; -0.00552 V          ; 0.096 V                              ; 0.019 V                              ; 4.18e-10 s                  ; 3.59e-10 s                  ; No                         ; Yes                        ; 2.32 V                      ; 4.49e-09 V                  ; 2.38 V             ; -0.00552 V         ; 0.096 V                             ; 0.019 V                             ; 4.18e-10 s                 ; 3.59e-10 s                 ; No                        ; Yes                       ;
; segment_output[45] ; 2.5 V        ; 0 s                 ; 0 s                 ; 2.32 V                       ; 4.49e-09 V                   ; 2.38 V              ; -0.00552 V          ; 0.096 V                              ; 0.019 V                              ; 4.18e-10 s                  ; 3.59e-10 s                  ; No                         ; Yes                        ; 2.32 V                      ; 4.49e-09 V                  ; 2.38 V             ; -0.00552 V         ; 0.096 V                             ; 0.019 V                             ; 4.18e-10 s                 ; 3.59e-10 s                 ; No                        ; Yes                       ;
; segment_output[46] ; 2.5 V        ; 0 s                 ; 0 s                 ; 2.32 V                       ; 4.49e-09 V                   ; 2.38 V              ; -0.00552 V          ; 0.096 V                              ; 0.019 V                              ; 4.18e-10 s                  ; 3.59e-10 s                  ; No                         ; Yes                        ; 2.32 V                      ; 4.49e-09 V                  ; 2.38 V             ; -0.00552 V         ; 0.096 V                             ; 0.019 V                             ; 4.18e-10 s                 ; 3.59e-10 s                 ; No                        ; Yes                       ;
; segment_output[47] ; 2.5 V        ; 0 s                 ; 0 s                 ; 2.32 V                       ; 4.49e-09 V                   ; 2.38 V              ; -0.00552 V          ; 0.096 V                              ; 0.019 V                              ; 4.18e-10 s                  ; 3.59e-10 s                  ; No                         ; Yes                        ; 2.32 V                      ; 4.49e-09 V                  ; 2.38 V             ; -0.00552 V         ; 0.096 V                             ; 0.019 V                             ; 4.18e-10 s                 ; 3.59e-10 s                 ; No                        ; Yes                       ;
; segment_output[48] ; 2.5 V        ; 0 s                 ; 0 s                 ; 2.32 V                       ; 4.49e-09 V                   ; 2.38 V              ; -0.00552 V          ; 0.096 V                              ; 0.019 V                              ; 4.18e-10 s                  ; 3.59e-10 s                  ; No                         ; Yes                        ; 2.32 V                      ; 4.49e-09 V                  ; 2.38 V             ; -0.00552 V         ; 0.096 V                             ; 0.019 V                             ; 4.18e-10 s                 ; 3.59e-10 s                 ; No                        ; Yes                       ;
; segment_output[49] ; 2.5 V        ; 0 s                 ; 0 s                 ; 2.32 V                       ; 4.49e-09 V                   ; 2.38 V              ; -0.00552 V          ; 0.096 V                              ; 0.019 V                              ; 4.18e-10 s                  ; 3.59e-10 s                  ; No                         ; Yes                        ; 2.32 V                      ; 4.49e-09 V                  ; 2.38 V             ; -0.00552 V         ; 0.096 V                             ; 0.019 V                             ; 4.18e-10 s                 ; 3.59e-10 s                 ; No                        ; Yes                       ;
; segment_output[50] ; 2.5 V        ; 0 s                 ; 0 s                 ; 2.32 V                       ; 4.49e-09 V                   ; 2.38 V              ; -0.00552 V          ; 0.096 V                              ; 0.019 V                              ; 4.18e-10 s                  ; 3.59e-10 s                  ; No                         ; Yes                        ; 2.32 V                      ; 4.49e-09 V                  ; 2.38 V             ; -0.00552 V         ; 0.096 V                             ; 0.019 V                             ; 4.18e-10 s                 ; 3.59e-10 s                 ; No                        ; Yes                       ;
; segment_output[51] ; 2.5 V        ; 0 s                 ; 0 s                 ; 2.32 V                       ; 4.49e-09 V                   ; 2.38 V              ; -0.00552 V          ; 0.096 V                              ; 0.019 V                              ; 4.18e-10 s                  ; 3.59e-10 s                  ; No                         ; Yes                        ; 2.32 V                      ; 4.49e-09 V                  ; 2.38 V             ; -0.00552 V         ; 0.096 V                             ; 0.019 V                             ; 4.18e-10 s                 ; 3.59e-10 s                 ; No                        ; Yes                       ;
; segment_output[52] ; 2.5 V        ; 0 s                 ; 0 s                 ; 2.32 V                       ; 4.49e-09 V                   ; 2.33 V              ; -0.00467 V          ; 0.226 V                              ; 0.087 V                              ; 2.91e-09 s                  ; 2.74e-09 s                  ; Yes                        ; Yes                        ; 2.32 V                      ; 4.49e-09 V                  ; 2.33 V             ; -0.00467 V         ; 0.226 V                             ; 0.087 V                             ; 2.91e-09 s                 ; 2.74e-09 s                 ; Yes                       ; Yes                       ;
; segment_output[53] ; 2.5 V        ; 0 s                 ; 0 s                 ; 2.32 V                       ; 4.49e-09 V                   ; 2.38 V              ; -0.00552 V          ; 0.096 V                              ; 0.019 V                              ; 4.18e-10 s                  ; 3.59e-10 s                  ; No                         ; Yes                        ; 2.32 V                      ; 4.49e-09 V                  ; 2.38 V             ; -0.00552 V         ; 0.096 V                             ; 0.019 V                             ; 4.18e-10 s                 ; 3.59e-10 s                 ; No                        ; Yes                       ;
; segment_output[54] ; 2.5 V        ; 0 s                 ; 0 s                 ; 2.32 V                       ; 4.49e-09 V                   ; 2.38 V              ; -0.00552 V          ; 0.096 V                              ; 0.019 V                              ; 4.18e-10 s                  ; 3.59e-10 s                  ; No                         ; Yes                        ; 2.32 V                      ; 4.49e-09 V                  ; 2.38 V             ; -0.00552 V         ; 0.096 V                             ; 0.019 V                             ; 4.18e-10 s                 ; 3.59e-10 s                 ; No                        ; Yes                       ;
; segment_output[55] ; 2.5 V        ; 0 s                 ; 0 s                 ; 2.32 V                       ; 4.49e-09 V                   ; 2.38 V              ; -0.00552 V          ; 0.096 V                              ; 0.019 V                              ; 4.18e-10 s                  ; 3.59e-10 s                  ; No                         ; Yes                        ; 2.32 V                      ; 4.49e-09 V                  ; 2.38 V             ; -0.00552 V         ; 0.096 V                             ; 0.019 V                             ; 4.18e-10 s                 ; 3.59e-10 s                 ; No                        ; Yes                       ;
; ~ALTERA_DCLK~      ; 2.5 V        ; 0 s                 ; 0 s                 ; 2.32 V                       ; 2.67e-09 V                   ; 2.38 V              ; -0.0485 V           ; 0.167 V                              ; 0.096 V                              ; 2.95e-10 s                  ; 2.73e-10 s                  ; Yes                        ; Yes                        ; 2.32 V                      ; 2.67e-09 V                  ; 2.38 V             ; -0.0485 V          ; 0.167 V                             ; 0.096 V                             ; 2.95e-10 s                 ; 2.73e-10 s                 ; Yes                       ; Yes                       ;
; ~ALTERA_nCEO~      ; 2.5 V        ; 0 s                 ; 0 s                 ; 2.32 V                       ; 4.18e-09 V                   ; 2.38 V              ; -0.00483 V          ; 0.152 V                              ; 0.012 V                              ; 4.81e-10 s                  ; 6.29e-10 s                  ; Yes                        ; Yes                        ; 2.32 V                      ; 4.18e-09 V                  ; 2.38 V             ; -0.00483 V         ; 0.152 V                             ; 0.012 V                             ; 4.81e-10 s                 ; 6.29e-10 s                 ; Yes                       ; Yes                       ;
+--------------------+--------------+---------------------+---------------------+------------------------------+------------------------------+---------------------+---------------------+--------------------------------------+--------------------------------------+-----------------------------+-----------------------------+----------------------------+----------------------------+-----------------------------+-----------------------------+--------------------+--------------------+-------------------------------------+-------------------------------------+----------------------------+----------------------------+---------------------------+---------------------------+


+-------------------------------------------------------------------------------------------------------------------------------------------------------------------------------------------------------------------------------------------------------------------------------------------------------------------------------------------------------------------------------------------------------------------------------------------------------------------------------------------------------------------------------------------------------------------------------------------------------------------------------------------------------------------------------------------------+
; Signal Integrity Metrics (Slow 1200mv 85c Model)                                                                                                                                                                                                                                                                                                                                                                                                                                                                                                                                                                                                                                                ;
+--------------------+--------------+---------------------+---------------------+------------------------------+------------------------------+---------------------+---------------------+--------------------------------------+--------------------------------------+-----------------------------+-----------------------------+----------------------------+----------------------------+-----------------------------+-----------------------------+--------------------+--------------------+-------------------------------------+-------------------------------------+----------------------------+----------------------------+---------------------------+---------------------------+
; Pin                ; I/O Standard ; Board Delay on Rise ; Board Delay on Fall ; Steady State Voh at FPGA Pin ; Steady State Vol at FPGA Pin ; Voh Max at FPGA Pin ; Vol Min at FPGA Pin ; Ringback Voltage on Rise at FPGA Pin ; Ringback Voltage on Fall at FPGA Pin ; 10-90 Rise Time at FPGA Pin ; 90-10 Fall Time at FPGA Pin ; Monotonic Rise at FPGA Pin ; Monotonic Fall at FPGA Pin ; Steady State Voh at Far-end ; Steady State Vol at Far-end ; Voh Max at Far-end ; Vol Min at Far-end ; Ringback Voltage on Rise at Far-end ; Ringback Voltage on Fall at Far-end ; 10-90 Rise Time at Far-end ; 90-10 Fall Time at Far-end ; Monotonic Rise at Far-end ; Monotonic Fall at Far-end ;
+--------------------+--------------+---------------------+---------------------+------------------------------+------------------------------+---------------------+---------------------+--------------------------------------+--------------------------------------+-----------------------------+-----------------------------+----------------------------+----------------------------+-----------------------------+-----------------------------+--------------------+--------------------+-------------------------------------+-------------------------------------+----------------------------+----------------------------+---------------------------+---------------------------+
; segment_output[0]  ; 2.5 V        ; 0 s                 ; 0 s                 ; 2.32 V                       ; 6.92e-07 V                   ; 2.35 V              ; -0.00996 V          ; 0.121 V                              ; 0.03 V                               ; 4.64e-10 s                  ; 4.47e-10 s                  ; Yes                        ; Yes                        ; 2.32 V                      ; 6.92e-07 V                  ; 2.35 V             ; -0.00996 V         ; 0.121 V                             ; 0.03 V                              ; 4.64e-10 s                 ; 4.47e-10 s                 ; Yes                       ; Yes                       ;
; segment_output[1]  ; 2.5 V        ; 0 s                 ; 0 s                 ; 2.32 V                       ; 6.92e-07 V                   ; 2.35 V              ; -0.00996 V          ; 0.121 V                              ; 0.03 V                               ; 4.64e-10 s                  ; 4.47e-10 s                  ; Yes                        ; Yes                        ; 2.32 V                      ; 6.92e-07 V                  ; 2.35 V             ; -0.00996 V         ; 0.121 V                             ; 0.03 V                              ; 4.64e-10 s                 ; 4.47e-10 s                 ; Yes                       ; Yes                       ;
; segment_output[2]  ; 2.5 V        ; 0 s                 ; 0 s                 ; 2.32 V                       ; 6.92e-07 V                   ; 2.35 V              ; -0.00996 V          ; 0.121 V                              ; 0.03 V                               ; 4.64e-10 s                  ; 4.47e-10 s                  ; Yes                        ; Yes                        ; 2.32 V                      ; 6.92e-07 V                  ; 2.35 V             ; -0.00996 V         ; 0.121 V                             ; 0.03 V                              ; 4.64e-10 s                 ; 4.47e-10 s                 ; Yes                       ; Yes                       ;
; segment_output[3]  ; 2.5 V        ; 0 s                 ; 0 s                 ; 2.32 V                       ; 6.92e-07 V                   ; 2.35 V              ; -0.00996 V          ; 0.121 V                              ; 0.03 V                               ; 4.64e-10 s                  ; 4.47e-10 s                  ; Yes                        ; Yes                        ; 2.32 V                      ; 6.92e-07 V                  ; 2.35 V             ; -0.00996 V         ; 0.121 V                             ; 0.03 V                              ; 4.64e-10 s                 ; 4.47e-10 s                 ; Yes                       ; Yes                       ;
; segment_output[4]  ; 2.5 V        ; 0 s                 ; 0 s                 ; 2.32 V                       ; 6.92e-07 V                   ; 2.35 V              ; -0.00996 V          ; 0.121 V                              ; 0.03 V                               ; 4.64e-10 s                  ; 4.47e-10 s                  ; Yes                        ; Yes                        ; 2.32 V                      ; 6.92e-07 V                  ; 2.35 V             ; -0.00996 V         ; 0.121 V                             ; 0.03 V                              ; 4.64e-10 s                 ; 4.47e-10 s                 ; Yes                       ; Yes                       ;
; segment_output[5]  ; 2.5 V        ; 0 s                 ; 0 s                 ; 2.32 V                       ; 4.67e-07 V                   ; 2.35 V              ; -0.00942 V          ; 0.116 V                              ; 0.033 V                              ; 6.66e-10 s                  ; 6.27e-10 s                  ; Yes                        ; Yes                        ; 2.32 V                      ; 4.67e-07 V                  ; 2.35 V             ; -0.00942 V         ; 0.116 V                             ; 0.033 V                             ; 6.66e-10 s                 ; 6.27e-10 s                 ; Yes                       ; Yes                       ;
; segment_output[6]  ; 2.5 V        ; 0 s                 ; 0 s                 ; 2.32 V                       ; 6.92e-07 V                   ; 2.35 V              ; -0.00996 V          ; 0.121 V                              ; 0.03 V                               ; 4.64e-10 s                  ; 4.47e-10 s                  ; Yes                        ; Yes                        ; 2.32 V                      ; 6.92e-07 V                  ; 2.35 V             ; -0.00996 V         ; 0.121 V                             ; 0.03 V                              ; 4.64e-10 s                 ; 4.47e-10 s                 ; Yes                       ; Yes                       ;
; segment_output[7]  ; 2.5 V        ; 0 s                 ; 0 s                 ; 2.32 V                       ; 4.67e-07 V                   ; 2.35 V              ; -0.00942 V          ; 0.116 V                              ; 0.033 V                              ; 6.66e-10 s                  ; 6.27e-10 s                  ; Yes                        ; Yes                        ; 2.32 V                      ; 4.67e-07 V                  ; 2.35 V             ; -0.00942 V         ; 0.116 V                             ; 0.033 V                             ; 6.66e-10 s                 ; 6.27e-10 s                 ; Yes                       ; Yes                       ;
; segment_output[8]  ; 2.5 V        ; 0 s                 ; 0 s                 ; 2.32 V                       ; 6.92e-07 V                   ; 2.35 V              ; -0.00996 V          ; 0.121 V                              ; 0.03 V                               ; 4.64e-10 s                  ; 4.47e-10 s                  ; Yes                        ; Yes                        ; 2.32 V                      ; 6.92e-07 V                  ; 2.35 V             ; -0.00996 V         ; 0.121 V                             ; 0.03 V                              ; 4.64e-10 s                 ; 4.47e-10 s                 ; Yes                       ; Yes                       ;
; segment_output[9]  ; 2.5 V        ; 0 s                 ; 0 s                 ; 2.32 V                       ; 6.92e-07 V                   ; 2.35 V              ; -0.00996 V          ; 0.121 V                              ; 0.03 V                               ; 4.64e-10 s                  ; 4.47e-10 s                  ; Yes                        ; Yes                        ; 2.32 V                      ; 6.92e-07 V                  ; 2.35 V             ; -0.00996 V         ; 0.121 V                             ; 0.03 V                              ; 4.64e-10 s                 ; 4.47e-10 s                 ; Yes                       ; Yes                       ;
; segment_output[10] ; 2.5 V        ; 0 s                 ; 0 s                 ; 2.32 V                       ; 6.92e-07 V                   ; 2.35 V              ; -0.00996 V          ; 0.121 V                              ; 0.03 V                               ; 4.64e-10 s                  ; 4.47e-10 s                  ; Yes                        ; Yes                        ; 2.32 V                      ; 6.92e-07 V                  ; 2.35 V             ; -0.00996 V         ; 0.121 V                             ; 0.03 V                              ; 4.64e-10 s                 ; 4.47e-10 s                 ; Yes                       ; Yes                       ;
; segment_output[11] ; 2.5 V        ; 0 s                 ; 0 s                 ; 2.32 V                       ; 6.92e-07 V                   ; 2.35 V              ; -0.00996 V          ; 0.121 V                              ; 0.03 V                               ; 4.64e-10 s                  ; 4.47e-10 s                  ; Yes                        ; Yes                        ; 2.32 V                      ; 6.92e-07 V                  ; 2.35 V             ; -0.00996 V         ; 0.121 V                             ; 0.03 V                              ; 4.64e-10 s                 ; 4.47e-10 s                 ; Yes                       ; Yes                       ;
; segment_output[12] ; 2.5 V        ; 0 s                 ; 0 s                 ; 2.32 V                       ; 6.92e-07 V                   ; 2.33 V              ; -0.00265 V          ; 0.133 V                              ; 0.056 V                              ; 3.55e-09 s                  ; 3.31e-09 s                  ; Yes                        ; Yes                        ; 2.32 V                      ; 6.92e-07 V                  ; 2.33 V             ; -0.00265 V         ; 0.133 V                             ; 0.056 V                             ; 3.55e-09 s                 ; 3.31e-09 s                 ; Yes                       ; Yes                       ;
; segment_output[13] ; 2.5 V        ; 0 s                 ; 0 s                 ; 2.32 V                       ; 4.67e-07 V                   ; 2.35 V              ; -0.00942 V          ; 0.116 V                              ; 0.033 V                              ; 6.66e-10 s                  ; 6.27e-10 s                  ; Yes                        ; Yes                        ; 2.32 V                      ; 4.67e-07 V                  ; 2.35 V             ; -0.00942 V         ; 0.116 V                             ; 0.033 V                             ; 6.66e-10 s                 ; 6.27e-10 s                 ; Yes                       ; Yes                       ;
; segment_output[14] ; 2.5 V        ; 0 s                 ; 0 s                 ; 2.32 V                       ; 4.67e-07 V                   ; 2.35 V              ; -0.00942 V          ; 0.116 V                              ; 0.033 V                              ; 6.66e-10 s                  ; 6.27e-10 s                  ; Yes                        ; Yes                        ; 2.32 V                      ; 4.67e-07 V                  ; 2.35 V             ; -0.00942 V         ; 0.116 V                             ; 0.033 V                             ; 6.66e-10 s                 ; 6.27e-10 s                 ; Yes                       ; Yes                       ;
; segment_output[15] ; 2.5 V        ; 0 s                 ; 0 s                 ; 2.32 V                       ; 6.92e-07 V                   ; 2.35 V              ; -0.00996 V          ; 0.121 V                              ; 0.03 V                               ; 4.64e-10 s                  ; 4.47e-10 s                  ; Yes                        ; Yes                        ; 2.32 V                      ; 6.92e-07 V                  ; 2.35 V             ; -0.00996 V         ; 0.121 V                             ; 0.03 V                              ; 4.64e-10 s                 ; 4.47e-10 s                 ; Yes                       ; Yes                       ;
; segment_output[16] ; 2.5 V        ; 0 s                 ; 0 s                 ; 2.32 V                       ; 6.92e-07 V                   ; 2.35 V              ; -0.00996 V          ; 0.121 V                              ; 0.03 V                               ; 4.64e-10 s                  ; 4.47e-10 s                  ; Yes                        ; Yes                        ; 2.32 V                      ; 6.92e-07 V                  ; 2.35 V             ; -0.00996 V         ; 0.121 V                             ; 0.03 V                              ; 4.64e-10 s                 ; 4.47e-10 s                 ; Yes                       ; Yes                       ;
; segment_output[17] ; 2.5 V        ; 0 s                 ; 0 s                 ; 2.32 V                       ; 6.92e-07 V                   ; 2.35 V              ; -0.00996 V          ; 0.121 V                              ; 0.03 V                               ; 4.64e-10 s                  ; 4.47e-10 s                  ; Yes                        ; Yes                        ; 2.32 V                      ; 6.92e-07 V                  ; 2.35 V             ; -0.00996 V         ; 0.121 V                             ; 0.03 V                              ; 4.64e-10 s                 ; 4.47e-10 s                 ; Yes                       ; Yes                       ;
; segment_output[18] ; 2.5 V        ; 0 s                 ; 0 s                 ; 2.32 V                       ; 6.92e-07 V                   ; 2.33 V              ; -0.00265 V          ; 0.133 V                              ; 0.056 V                              ; 3.55e-09 s                  ; 3.31e-09 s                  ; Yes                        ; Yes                        ; 2.32 V                      ; 6.92e-07 V                  ; 2.33 V             ; -0.00265 V         ; 0.133 V                             ; 0.056 V                             ; 3.55e-09 s                 ; 3.31e-09 s                 ; Yes                       ; Yes                       ;
; segment_output[19] ; 2.5 V        ; 0 s                 ; 0 s                 ; 2.32 V                       ; 6.92e-07 V                   ; 2.35 V              ; -0.00996 V          ; 0.121 V                              ; 0.03 V                               ; 4.64e-10 s                  ; 4.47e-10 s                  ; Yes                        ; Yes                        ; 2.32 V                      ; 6.92e-07 V                  ; 2.35 V             ; -0.00996 V         ; 0.121 V                             ; 0.03 V                              ; 4.64e-10 s                 ; 4.47e-10 s                 ; Yes                       ; Yes                       ;
; segment_output[20] ; 2.5 V        ; 0 s                 ; 0 s                 ; 2.32 V                       ; 4.67e-07 V                   ; 2.36 V              ; -0.00552 V          ; 0.11 V                               ; 0.007 V                              ; 4.54e-10 s                  ; 4.35e-10 s                  ; Yes                        ; Yes                        ; 2.32 V                      ; 4.67e-07 V                  ; 2.36 V             ; -0.00552 V         ; 0.11 V                              ; 0.007 V                             ; 4.54e-10 s                 ; 4.35e-10 s                 ; Yes                       ; Yes                       ;
; segment_output[21] ; 2.5 V        ; 0 s                 ; 0 s                 ; 2.32 V                       ; 4.67e-07 V                   ; 2.35 V              ; -0.00942 V          ; 0.116 V                              ; 0.033 V                              ; 6.66e-10 s                  ; 6.27e-10 s                  ; Yes                        ; Yes                        ; 2.32 V                      ; 4.67e-07 V                  ; 2.35 V             ; -0.00942 V         ; 0.116 V                             ; 0.033 V                             ; 6.66e-10 s                 ; 6.27e-10 s                 ; Yes                       ; Yes                       ;
; segment_output[22] ; 2.5 V        ; 0 s                 ; 0 s                 ; 2.32 V                       ; 4.67e-07 V                   ; 2.35 V              ; -0.00942 V          ; 0.116 V                              ; 0.033 V                              ; 6.66e-10 s                  ; 6.27e-10 s                  ; Yes                        ; Yes                        ; 2.32 V                      ; 4.67e-07 V                  ; 2.35 V             ; -0.00942 V         ; 0.116 V                             ; 0.033 V                             ; 6.66e-10 s                 ; 6.27e-10 s                 ; Yes                       ; Yes                       ;
; segment_output[23] ; 2.5 V        ; 0 s                 ; 0 s                 ; 2.32 V                       ; 6.92e-07 V                   ; 2.33 V              ; -0.00265 V          ; 0.133 V                              ; 0.056 V                              ; 3.55e-09 s                  ; 3.31e-09 s                  ; Yes                        ; Yes                        ; 2.32 V                      ; 6.92e-07 V                  ; 2.33 V             ; -0.00265 V         ; 0.133 V                             ; 0.056 V                             ; 3.55e-09 s                 ; 3.31e-09 s                 ; Yes                       ; Yes                       ;
; segment_output[24] ; 2.5 V        ; 0 s                 ; 0 s                 ; 2.32 V                       ; 6.92e-07 V                   ; 2.35 V              ; -0.00996 V          ; 0.121 V                              ; 0.03 V                               ; 4.64e-10 s                  ; 4.47e-10 s                  ; Yes                        ; Yes                        ; 2.32 V                      ; 6.92e-07 V                  ; 2.35 V             ; -0.00996 V         ; 0.121 V                             ; 0.03 V                              ; 4.64e-10 s                 ; 4.47e-10 s                 ; Yes                       ; Yes                       ;
; segment_output[25] ; 2.5 V        ; 0 s                 ; 0 s                 ; 2.32 V                       ; 6.92e-07 V                   ; 2.35 V              ; -0.00996 V          ; 0.121 V                              ; 0.03 V                               ; 4.64e-10 s                  ; 4.47e-10 s                  ; Yes                        ; Yes                        ; 2.32 V                      ; 6.92e-07 V                  ; 2.35 V             ; -0.00996 V         ; 0.121 V                             ; 0.03 V                              ; 4.64e-10 s                 ; 4.47e-10 s                 ; Yes                       ; Yes                       ;
; segment_output[26] ; 2.5 V        ; 0 s                 ; 0 s                 ; 2.32 V                       ; 6.92e-07 V                   ; 2.35 V              ; -0.00996 V          ; 0.121 V                              ; 0.03 V                               ; 4.64e-10 s                  ; 4.47e-10 s                  ; Yes                        ; Yes                        ; 2.32 V                      ; 6.92e-07 V                  ; 2.35 V             ; -0.00996 V         ; 0.121 V                             ; 0.03 V                              ; 4.64e-10 s                 ; 4.47e-10 s                 ; Yes                       ; Yes                       ;
; segment_output[27] ; 2.5 V        ; 0 s                 ; 0 s                 ; 2.32 V                       ; 6.92e-07 V                   ; 2.35 V              ; -0.00996 V          ; 0.121 V                              ; 0.03 V                               ; 4.64e-10 s                  ; 4.47e-10 s                  ; Yes                        ; Yes                        ; 2.32 V                      ; 6.92e-07 V                  ; 2.35 V             ; -0.00996 V         ; 0.121 V                             ; 0.03 V                              ; 4.64e-10 s                 ; 4.47e-10 s                 ; Yes                       ; Yes                       ;
; segment_output[28] ; 2.5 V        ; 0 s                 ; 0 s                 ; 2.32 V                       ; 4.67e-07 V                   ; 2.35 V              ; -0.00942 V          ; 0.116 V                              ; 0.033 V                              ; 6.66e-10 s                  ; 6.27e-10 s                  ; Yes                        ; Yes                        ; 2.32 V                      ; 4.67e-07 V                  ; 2.35 V             ; -0.00942 V         ; 0.116 V                             ; 0.033 V                             ; 6.66e-10 s                 ; 6.27e-10 s                 ; Yes                       ; Yes                       ;
; segment_output[29] ; 2.5 V        ; 0 s                 ; 0 s                 ; 2.32 V                       ; 4.67e-07 V                   ; 2.35 V              ; -0.00942 V          ; 0.116 V                              ; 0.033 V                              ; 6.66e-10 s                  ; 6.27e-10 s                  ; Yes                        ; Yes                        ; 2.32 V                      ; 4.67e-07 V                  ; 2.35 V             ; -0.00942 V         ; 0.116 V                             ; 0.033 V                             ; 6.66e-10 s                 ; 6.27e-10 s                 ; Yes                       ; Yes                       ;
; segment_output[30] ; 2.5 V        ; 0 s                 ; 0 s                 ; 2.32 V                       ; 4.67e-07 V                   ; 2.36 V              ; -0.00552 V          ; 0.11 V                               ; 0.007 V                              ; 4.54e-10 s                  ; 4.35e-10 s                  ; Yes                        ; Yes                        ; 2.32 V                      ; 4.67e-07 V                  ; 2.36 V             ; -0.00552 V         ; 0.11 V                              ; 0.007 V                             ; 4.54e-10 s                 ; 4.35e-10 s                 ; Yes                       ; Yes                       ;
; segment_output[31] ; 2.5 V        ; 0 s                 ; 0 s                 ; 2.32 V                       ; 6.92e-07 V                   ; 2.35 V              ; -0.00996 V          ; 0.121 V                              ; 0.03 V                               ; 4.64e-10 s                  ; 4.47e-10 s                  ; Yes                        ; Yes                        ; 2.32 V                      ; 6.92e-07 V                  ; 2.35 V             ; -0.00996 V         ; 0.121 V                             ; 0.03 V                              ; 4.64e-10 s                 ; 4.47e-10 s                 ; Yes                       ; Yes                       ;
; segment_output[32] ; 2.5 V        ; 0 s                 ; 0 s                 ; 2.32 V                       ; 6.92e-07 V                   ; 2.35 V              ; -0.00996 V          ; 0.121 V                              ; 0.03 V                               ; 4.64e-10 s                  ; 4.47e-10 s                  ; Yes                        ; Yes                        ; 2.32 V                      ; 6.92e-07 V                  ; 2.35 V             ; -0.00996 V         ; 0.121 V                             ; 0.03 V                              ; 4.64e-10 s                 ; 4.47e-10 s                 ; Yes                       ; Yes                       ;
; segment_output[33] ; 2.5 V        ; 0 s                 ; 0 s                 ; 2.32 V                       ; 6.92e-07 V                   ; 2.35 V              ; -0.00996 V          ; 0.121 V                              ; 0.03 V                               ; 4.64e-10 s                  ; 4.47e-10 s                  ; Yes                        ; Yes                        ; 2.32 V                      ; 6.92e-07 V                  ; 2.35 V             ; -0.00996 V         ; 0.121 V                             ; 0.03 V                              ; 4.64e-10 s                 ; 4.47e-10 s                 ; Yes                       ; Yes                       ;
; segment_output[34] ; 2.5 V        ; 0 s                 ; 0 s                 ; 2.32 V                       ; 6.92e-07 V                   ; 2.35 V              ; -0.00996 V          ; 0.121 V                              ; 0.03 V                               ; 4.64e-10 s                  ; 4.47e-10 s                  ; Yes                        ; Yes                        ; 2.32 V                      ; 6.92e-07 V                  ; 2.35 V             ; -0.00996 V         ; 0.121 V                             ; 0.03 V                              ; 4.64e-10 s                 ; 4.47e-10 s                 ; Yes                       ; Yes                       ;
; segment_output[35] ; 2.5 V        ; 0 s                 ; 0 s                 ; 2.32 V                       ; 6.92e-07 V                   ; 2.35 V              ; -0.00996 V          ; 0.121 V                              ; 0.03 V                               ; 4.64e-10 s                  ; 4.47e-10 s                  ; Yes                        ; Yes                        ; 2.32 V                      ; 6.92e-07 V                  ; 2.35 V             ; -0.00996 V         ; 0.121 V                             ; 0.03 V                              ; 4.64e-10 s                 ; 4.47e-10 s                 ; Yes                       ; Yes                       ;
; segment_output[36] ; 2.5 V        ; 0 s                 ; 0 s                 ; 2.32 V                       ; 6.92e-07 V                   ; 2.35 V              ; -0.00996 V          ; 0.121 V                              ; 0.03 V                               ; 4.64e-10 s                  ; 4.47e-10 s                  ; Yes                        ; Yes                        ; 2.32 V                      ; 6.92e-07 V                  ; 2.35 V             ; -0.00996 V         ; 0.121 V                             ; 0.03 V                              ; 4.64e-10 s                 ; 4.47e-10 s                 ; Yes                       ; Yes                       ;
; segment_output[37] ; 2.5 V        ; 0 s                 ; 0 s                 ; 2.32 V                       ; 6.92e-07 V                   ; 2.35 V              ; -0.00996 V          ; 0.121 V                              ; 0.03 V                               ; 4.64e-10 s                  ; 4.47e-10 s                  ; Yes                        ; Yes                        ; 2.32 V                      ; 6.92e-07 V                  ; 2.35 V             ; -0.00996 V         ; 0.121 V                             ; 0.03 V                              ; 4.64e-10 s                 ; 4.47e-10 s                 ; Yes                       ; Yes                       ;
; segment_output[38] ; 2.5 V        ; 0 s                 ; 0 s                 ; 2.32 V                       ; 6.92e-07 V                   ; 2.35 V              ; -0.00996 V          ; 0.121 V                              ; 0.03 V                               ; 4.64e-10 s                  ; 4.47e-10 s                  ; Yes                        ; Yes                        ; 2.32 V                      ; 6.92e-07 V                  ; 2.35 V             ; -0.00996 V         ; 0.121 V                             ; 0.03 V                              ; 4.64e-10 s                 ; 4.47e-10 s                 ; Yes                       ; Yes                       ;
; segment_output[39] ; 2.5 V        ; 0 s                 ; 0 s                 ; 2.32 V                       ; 6.92e-07 V                   ; 2.35 V              ; -0.00996 V          ; 0.121 V                              ; 0.03 V                               ; 4.64e-10 s                  ; 4.47e-10 s                  ; Yes                        ; Yes                        ; 2.32 V                      ; 6.92e-07 V                  ; 2.35 V             ; -0.00996 V         ; 0.121 V                             ; 0.03 V                              ; 4.64e-10 s                 ; 4.47e-10 s                 ; Yes                       ; Yes                       ;
; segment_output[40] ; 2.5 V        ; 0 s                 ; 0 s                 ; 2.32 V                       ; 6.92e-07 V                   ; 2.35 V              ; -0.00996 V          ; 0.121 V                              ; 0.03 V                               ; 4.64e-10 s                  ; 4.47e-10 s                  ; Yes                        ; Yes                        ; 2.32 V                      ; 6.92e-07 V                  ; 2.35 V             ; -0.00996 V         ; 0.121 V                             ; 0.03 V                              ; 4.64e-10 s                 ; 4.47e-10 s                 ; Yes                       ; Yes                       ;
; segment_output[41] ; 2.5 V        ; 0 s                 ; 0 s                 ; 2.32 V                       ; 6.92e-07 V                   ; 2.35 V              ; -0.00996 V          ; 0.121 V                              ; 0.03 V                               ; 4.64e-10 s                  ; 4.47e-10 s                  ; Yes                        ; Yes                        ; 2.32 V                      ; 6.92e-07 V                  ; 2.35 V             ; -0.00996 V         ; 0.121 V                             ; 0.03 V                              ; 4.64e-10 s                 ; 4.47e-10 s                 ; Yes                       ; Yes                       ;
; segment_output[42] ; 2.5 V        ; 0 s                 ; 0 s                 ; 2.32 V                       ; 6.92e-07 V                   ; 2.35 V              ; -0.00996 V          ; 0.121 V                              ; 0.03 V                               ; 4.64e-10 s                  ; 4.47e-10 s                  ; Yes                        ; Yes                        ; 2.32 V                      ; 6.92e-07 V                  ; 2.35 V             ; -0.00996 V         ; 0.121 V                             ; 0.03 V                              ; 4.64e-10 s                 ; 4.47e-10 s                 ; Yes                       ; Yes                       ;
; segment_output[43] ; 2.5 V        ; 0 s                 ; 0 s                 ; 2.32 V                       ; 6.92e-07 V                   ; 2.35 V              ; -0.00996 V          ; 0.121 V                              ; 0.03 V                               ; 4.64e-10 s                  ; 4.47e-10 s                  ; Yes                        ; Yes                        ; 2.32 V                      ; 6.92e-07 V                  ; 2.35 V             ; -0.00996 V         ; 0.121 V                             ; 0.03 V                              ; 4.64e-10 s                 ; 4.47e-10 s                 ; Yes                       ; Yes                       ;
; segment_output[44] ; 2.5 V        ; 0 s                 ; 0 s                 ; 2.32 V                       ; 6.92e-07 V                   ; 2.35 V              ; -0.00996 V          ; 0.121 V                              ; 0.03 V                               ; 4.64e-10 s                  ; 4.47e-10 s                  ; Yes                        ; Yes                        ; 2.32 V                      ; 6.92e-07 V                  ; 2.35 V             ; -0.00996 V         ; 0.121 V                             ; 0.03 V                              ; 4.64e-10 s                 ; 4.47e-10 s                 ; Yes                       ; Yes                       ;
; segment_output[45] ; 2.5 V        ; 0 s                 ; 0 s                 ; 2.32 V                       ; 6.92e-07 V                   ; 2.35 V              ; -0.00996 V          ; 0.121 V                              ; 0.03 V                               ; 4.64e-10 s                  ; 4.47e-10 s                  ; Yes                        ; Yes                        ; 2.32 V                      ; 6.92e-07 V                  ; 2.35 V             ; -0.00996 V         ; 0.121 V                             ; 0.03 V                              ; 4.64e-10 s                 ; 4.47e-10 s                 ; Yes                       ; Yes                       ;
; segment_output[46] ; 2.5 V        ; 0 s                 ; 0 s                 ; 2.32 V                       ; 6.92e-07 V                   ; 2.35 V              ; -0.00996 V          ; 0.121 V                              ; 0.03 V                               ; 4.64e-10 s                  ; 4.47e-10 s                  ; Yes                        ; Yes                        ; 2.32 V                      ; 6.92e-07 V                  ; 2.35 V             ; -0.00996 V         ; 0.121 V                             ; 0.03 V                              ; 4.64e-10 s                 ; 4.47e-10 s                 ; Yes                       ; Yes                       ;
; segment_output[47] ; 2.5 V        ; 0 s                 ; 0 s                 ; 2.32 V                       ; 6.92e-07 V                   ; 2.35 V              ; -0.00996 V          ; 0.121 V                              ; 0.03 V                               ; 4.64e-10 s                  ; 4.47e-10 s                  ; Yes                        ; Yes                        ; 2.32 V                      ; 6.92e-07 V                  ; 2.35 V             ; -0.00996 V         ; 0.121 V                             ; 0.03 V                              ; 4.64e-10 s                 ; 4.47e-10 s                 ; Yes                       ; Yes                       ;
; segment_output[48] ; 2.5 V        ; 0 s                 ; 0 s                 ; 2.32 V                       ; 6.92e-07 V                   ; 2.35 V              ; -0.00996 V          ; 0.121 V                              ; 0.03 V                               ; 4.64e-10 s                  ; 4.47e-10 s                  ; Yes                        ; Yes                        ; 2.32 V                      ; 6.92e-07 V                  ; 2.35 V             ; -0.00996 V         ; 0.121 V                             ; 0.03 V                              ; 4.64e-10 s                 ; 4.47e-10 s                 ; Yes                       ; Yes                       ;
; segment_output[49] ; 2.5 V        ; 0 s                 ; 0 s                 ; 2.32 V                       ; 6.92e-07 V                   ; 2.35 V              ; -0.00996 V          ; 0.121 V                              ; 0.03 V                               ; 4.64e-10 s                  ; 4.47e-10 s                  ; Yes                        ; Yes                        ; 2.32 V                      ; 6.92e-07 V                  ; 2.35 V             ; -0.00996 V         ; 0.121 V                             ; 0.03 V                              ; 4.64e-10 s                 ; 4.47e-10 s                 ; Yes                       ; Yes                       ;
; segment_output[50] ; 2.5 V        ; 0 s                 ; 0 s                 ; 2.32 V                       ; 6.92e-07 V                   ; 2.35 V              ; -0.00996 V          ; 0.121 V                              ; 0.03 V                               ; 4.64e-10 s                  ; 4.47e-10 s                  ; Yes                        ; Yes                        ; 2.32 V                      ; 6.92e-07 V                  ; 2.35 V             ; -0.00996 V         ; 0.121 V                             ; 0.03 V                              ; 4.64e-10 s                 ; 4.47e-10 s                 ; Yes                       ; Yes                       ;
; segment_output[51] ; 2.5 V        ; 0 s                 ; 0 s                 ; 2.32 V                       ; 6.92e-07 V                   ; 2.35 V              ; -0.00996 V          ; 0.121 V                              ; 0.03 V                               ; 4.64e-10 s                  ; 4.47e-10 s                  ; Yes                        ; Yes                        ; 2.32 V                      ; 6.92e-07 V                  ; 2.35 V             ; -0.00996 V         ; 0.121 V                             ; 0.03 V                              ; 4.64e-10 s                 ; 4.47e-10 s                 ; Yes                       ; Yes                       ;
; segment_output[52] ; 2.5 V        ; 0 s                 ; 0 s                 ; 2.32 V                       ; 6.92e-07 V                   ; 2.33 V              ; -0.00265 V          ; 0.133 V                              ; 0.056 V                              ; 3.55e-09 s                  ; 3.31e-09 s                  ; Yes                        ; Yes                        ; 2.32 V                      ; 6.92e-07 V                  ; 2.33 V             ; -0.00265 V         ; 0.133 V                             ; 0.056 V                             ; 3.55e-09 s                 ; 3.31e-09 s                 ; Yes                       ; Yes                       ;
; segment_output[53] ; 2.5 V        ; 0 s                 ; 0 s                 ; 2.32 V                       ; 6.92e-07 V                   ; 2.35 V              ; -0.00996 V          ; 0.121 V                              ; 0.03 V                               ; 4.64e-10 s                  ; 4.47e-10 s                  ; Yes                        ; Yes                        ; 2.32 V                      ; 6.92e-07 V                  ; 2.35 V             ; -0.00996 V         ; 0.121 V                             ; 0.03 V                              ; 4.64e-10 s                 ; 4.47e-10 s                 ; Yes                       ; Yes                       ;
; segment_output[54] ; 2.5 V        ; 0 s                 ; 0 s                 ; 2.32 V                       ; 6.92e-07 V                   ; 2.35 V              ; -0.00996 V          ; 0.121 V                              ; 0.03 V                               ; 4.64e-10 s                  ; 4.47e-10 s                  ; Yes                        ; Yes                        ; 2.32 V                      ; 6.92e-07 V                  ; 2.35 V             ; -0.00996 V         ; 0.121 V                             ; 0.03 V                              ; 4.64e-10 s                 ; 4.47e-10 s                 ; Yes                       ; Yes                       ;
; segment_output[55] ; 2.5 V        ; 0 s                 ; 0 s                 ; 2.32 V                       ; 6.92e-07 V                   ; 2.35 V              ; -0.00996 V          ; 0.121 V                              ; 0.03 V                               ; 4.64e-10 s                  ; 4.47e-10 s                  ; Yes                        ; Yes                        ; 2.32 V                      ; 6.92e-07 V                  ; 2.35 V             ; -0.00996 V         ; 0.121 V                             ; 0.03 V                              ; 4.64e-10 s                 ; 4.47e-10 s                 ; Yes                       ; Yes                       ;
; ~ALTERA_DCLK~      ; 2.5 V        ; 0 s                 ; 0 s                 ; 2.32 V                       ; 3.75e-07 V                   ; 2.35 V              ; -0.0109 V           ; 0.084 V                              ; 0.027 V                              ; 4.31e-10 s                  ; 3.61e-10 s                  ; Yes                        ; Yes                        ; 2.32 V                      ; 3.75e-07 V                  ; 2.35 V             ; -0.0109 V          ; 0.084 V                             ; 0.027 V                             ; 4.31e-10 s                 ; 3.61e-10 s                 ; Yes                       ; Yes                       ;
; ~ALTERA_nCEO~      ; 2.5 V        ; 0 s                 ; 0 s                 ; 2.32 V                       ; 6.15e-07 V                   ; 2.35 V              ; -0.00712 V          ; 0.093 V                              ; 0.02 V                               ; 6.21e-10 s                  ; 7.9e-10 s                   ; Yes                        ; Yes                        ; 2.32 V                      ; 6.15e-07 V                  ; 2.35 V             ; -0.00712 V         ; 0.093 V                             ; 0.02 V                              ; 6.21e-10 s                 ; 7.9e-10 s                  ; Yes                       ; Yes                       ;
+--------------------+--------------+---------------------+---------------------+------------------------------+------------------------------+---------------------+---------------------+--------------------------------------+--------------------------------------+-----------------------------+-----------------------------+----------------------------+----------------------------+-----------------------------+-----------------------------+--------------------+--------------------+-------------------------------------+-------------------------------------+----------------------------+----------------------------+---------------------------+---------------------------+


+-------------------------------------------------------------------------------------------------------------------------------------------------------------------------------------------------------------------------------------------------------------------------------------------------------------------------------------------------------------------------------------------------------------------------------------------------------------------------------------------------------------------------------------------------------------------------------------------------------------------------------------------------------------------------------------------------+
; Signal Integrity Metrics (Fast 1200mv 0c Model)                                                                                                                                                                                                                                                                                                                                                                                                                                                                                                                                                                                                                                                 ;
+--------------------+--------------+---------------------+---------------------+------------------------------+------------------------------+---------------------+---------------------+--------------------------------------+--------------------------------------+-----------------------------+-----------------------------+----------------------------+----------------------------+-----------------------------+-----------------------------+--------------------+--------------------+-------------------------------------+-------------------------------------+----------------------------+----------------------------+---------------------------+---------------------------+
; Pin                ; I/O Standard ; Board Delay on Rise ; Board Delay on Fall ; Steady State Voh at FPGA Pin ; Steady State Vol at FPGA Pin ; Voh Max at FPGA Pin ; Vol Min at FPGA Pin ; Ringback Voltage on Rise at FPGA Pin ; Ringback Voltage on Fall at FPGA Pin ; 10-90 Rise Time at FPGA Pin ; 90-10 Fall Time at FPGA Pin ; Monotonic Rise at FPGA Pin ; Monotonic Fall at FPGA Pin ; Steady State Voh at Far-end ; Steady State Vol at Far-end ; Voh Max at Far-end ; Vol Min at Far-end ; Ringback Voltage on Rise at Far-end ; Ringback Voltage on Fall at Far-end ; 10-90 Rise Time at Far-end ; 90-10 Fall Time at Far-end ; Monotonic Rise at Far-end ; Monotonic Fall at Far-end ;
+--------------------+--------------+---------------------+---------------------+------------------------------+------------------------------+---------------------+---------------------+--------------------------------------+--------------------------------------+-----------------------------+-----------------------------+----------------------------+----------------------------+-----------------------------+-----------------------------+--------------------+--------------------+-------------------------------------+-------------------------------------+----------------------------+----------------------------+---------------------------+---------------------------+
; segment_output[0]  ; 2.5 V        ; 0 s                 ; 0 s                 ; 2.62 V                       ; 4.05e-08 V                   ; 2.72 V              ; -0.0349 V           ; 0.173 V                              ; 0.1 V                                ; 2.72e-10 s                  ; 2.69e-10 s                  ; Yes                        ; Yes                        ; 2.62 V                      ; 4.05e-08 V                  ; 2.72 V             ; -0.0349 V          ; 0.173 V                             ; 0.1 V                               ; 2.72e-10 s                 ; 2.69e-10 s                 ; Yes                       ; Yes                       ;
; segment_output[1]  ; 2.5 V        ; 0 s                 ; 0 s                 ; 2.62 V                       ; 4.05e-08 V                   ; 2.72 V              ; -0.0349 V           ; 0.173 V                              ; 0.1 V                                ; 2.72e-10 s                  ; 2.69e-10 s                  ; Yes                        ; Yes                        ; 2.62 V                      ; 4.05e-08 V                  ; 2.72 V             ; -0.0349 V          ; 0.173 V                             ; 0.1 V                               ; 2.72e-10 s                 ; 2.69e-10 s                 ; Yes                       ; Yes                       ;
; segment_output[2]  ; 2.5 V        ; 0 s                 ; 0 s                 ; 2.62 V                       ; 4.05e-08 V                   ; 2.72 V              ; -0.0349 V           ; 0.173 V                              ; 0.1 V                                ; 2.72e-10 s                  ; 2.69e-10 s                  ; Yes                        ; Yes                        ; 2.62 V                      ; 4.05e-08 V                  ; 2.72 V             ; -0.0349 V          ; 0.173 V                             ; 0.1 V                               ; 2.72e-10 s                 ; 2.69e-10 s                 ; Yes                       ; Yes                       ;
; segment_output[3]  ; 2.5 V        ; 0 s                 ; 0 s                 ; 2.62 V                       ; 4.05e-08 V                   ; 2.72 V              ; -0.0349 V           ; 0.173 V                              ; 0.1 V                                ; 2.72e-10 s                  ; 2.69e-10 s                  ; Yes                        ; Yes                        ; 2.62 V                      ; 4.05e-08 V                  ; 2.72 V             ; -0.0349 V          ; 0.173 V                             ; 0.1 V                               ; 2.72e-10 s                 ; 2.69e-10 s                 ; Yes                       ; Yes                       ;
; segment_output[4]  ; 2.5 V        ; 0 s                 ; 0 s                 ; 2.62 V                       ; 4.05e-08 V                   ; 2.72 V              ; -0.0349 V           ; 0.173 V                              ; 0.1 V                                ; 2.72e-10 s                  ; 2.69e-10 s                  ; Yes                        ; Yes                        ; 2.62 V                      ; 4.05e-08 V                  ; 2.72 V             ; -0.0349 V          ; 0.173 V                             ; 0.1 V                               ; 2.72e-10 s                 ; 2.69e-10 s                 ; Yes                       ; Yes                       ;
; segment_output[5]  ; 2.5 V        ; 0 s                 ; 0 s                 ; 2.62 V                       ; 2.74e-08 V                   ; 2.71 V              ; -0.0317 V           ; 0.148 V                              ; 0.064 V                              ; 4.51e-10 s                  ; 4.15e-10 s                  ; No                         ; Yes                        ; 2.62 V                      ; 2.74e-08 V                  ; 2.71 V             ; -0.0317 V          ; 0.148 V                             ; 0.064 V                             ; 4.51e-10 s                 ; 4.15e-10 s                 ; No                        ; Yes                       ;
; segment_output[6]  ; 2.5 V        ; 0 s                 ; 0 s                 ; 2.62 V                       ; 4.05e-08 V                   ; 2.72 V              ; -0.0349 V           ; 0.173 V                              ; 0.1 V                                ; 2.72e-10 s                  ; 2.69e-10 s                  ; Yes                        ; Yes                        ; 2.62 V                      ; 4.05e-08 V                  ; 2.72 V             ; -0.0349 V          ; 0.173 V                             ; 0.1 V                               ; 2.72e-10 s                 ; 2.69e-10 s                 ; Yes                       ; Yes                       ;
; segment_output[7]  ; 2.5 V        ; 0 s                 ; 0 s                 ; 2.62 V                       ; 2.74e-08 V                   ; 2.71 V              ; -0.0317 V           ; 0.148 V                              ; 0.064 V                              ; 4.51e-10 s                  ; 4.15e-10 s                  ; No                         ; Yes                        ; 2.62 V                      ; 2.74e-08 V                  ; 2.71 V             ; -0.0317 V          ; 0.148 V                             ; 0.064 V                             ; 4.51e-10 s                 ; 4.15e-10 s                 ; No                        ; Yes                       ;
; segment_output[8]  ; 2.5 V        ; 0 s                 ; 0 s                 ; 2.62 V                       ; 4.05e-08 V                   ; 2.72 V              ; -0.0349 V           ; 0.173 V                              ; 0.1 V                                ; 2.72e-10 s                  ; 2.69e-10 s                  ; Yes                        ; Yes                        ; 2.62 V                      ; 4.05e-08 V                  ; 2.72 V             ; -0.0349 V          ; 0.173 V                             ; 0.1 V                               ; 2.72e-10 s                 ; 2.69e-10 s                 ; Yes                       ; Yes                       ;
; segment_output[9]  ; 2.5 V        ; 0 s                 ; 0 s                 ; 2.62 V                       ; 4.05e-08 V                   ; 2.72 V              ; -0.0349 V           ; 0.173 V                              ; 0.1 V                                ; 2.72e-10 s                  ; 2.69e-10 s                  ; Yes                        ; Yes                        ; 2.62 V                      ; 4.05e-08 V                  ; 2.72 V             ; -0.0349 V          ; 0.173 V                             ; 0.1 V                               ; 2.72e-10 s                 ; 2.69e-10 s                 ; Yes                       ; Yes                       ;
; segment_output[10] ; 2.5 V        ; 0 s                 ; 0 s                 ; 2.62 V                       ; 4.05e-08 V                   ; 2.72 V              ; -0.0349 V           ; 0.173 V                              ; 0.1 V                                ; 2.72e-10 s                  ; 2.69e-10 s                  ; Yes                        ; Yes                        ; 2.62 V                      ; 4.05e-08 V                  ; 2.72 V             ; -0.0349 V          ; 0.173 V                             ; 0.1 V                               ; 2.72e-10 s                 ; 2.69e-10 s                 ; Yes                       ; Yes                       ;
; segment_output[11] ; 2.5 V        ; 0 s                 ; 0 s                 ; 2.62 V                       ; 4.05e-08 V                   ; 2.72 V              ; -0.0349 V           ; 0.173 V                              ; 0.1 V                                ; 2.72e-10 s                  ; 2.69e-10 s                  ; Yes                        ; Yes                        ; 2.62 V                      ; 4.05e-08 V                  ; 2.72 V             ; -0.0349 V          ; 0.173 V                             ; 0.1 V                               ; 2.72e-10 s                 ; 2.69e-10 s                 ; Yes                       ; Yes                       ;
; segment_output[12] ; 2.5 V        ; 0 s                 ; 0 s                 ; 2.62 V                       ; 4.05e-08 V                   ; 2.64 V              ; -0.0113 V           ; 0.208 V                              ; 0.179 V                              ; 2.38e-09 s                  ; 2.23e-09 s                  ; No                         ; Yes                        ; 2.62 V                      ; 4.05e-08 V                  ; 2.64 V             ; -0.0113 V          ; 0.208 V                             ; 0.179 V                             ; 2.38e-09 s                 ; 2.23e-09 s                 ; No                        ; Yes                       ;
; segment_output[13] ; 2.5 V        ; 0 s                 ; 0 s                 ; 2.62 V                       ; 2.74e-08 V                   ; 2.71 V              ; -0.0317 V           ; 0.148 V                              ; 0.064 V                              ; 4.51e-10 s                  ; 4.15e-10 s                  ; No                         ; Yes                        ; 2.62 V                      ; 2.74e-08 V                  ; 2.71 V             ; -0.0317 V          ; 0.148 V                             ; 0.064 V                             ; 4.51e-10 s                 ; 4.15e-10 s                 ; No                        ; Yes                       ;
; segment_output[14] ; 2.5 V        ; 0 s                 ; 0 s                 ; 2.62 V                       ; 2.74e-08 V                   ; 2.71 V              ; -0.0317 V           ; 0.148 V                              ; 0.064 V                              ; 4.51e-10 s                  ; 4.15e-10 s                  ; No                         ; Yes                        ; 2.62 V                      ; 2.74e-08 V                  ; 2.71 V             ; -0.0317 V          ; 0.148 V                             ; 0.064 V                             ; 4.51e-10 s                 ; 4.15e-10 s                 ; No                        ; Yes                       ;
; segment_output[15] ; 2.5 V        ; 0 s                 ; 0 s                 ; 2.62 V                       ; 4.05e-08 V                   ; 2.72 V              ; -0.0349 V           ; 0.173 V                              ; 0.1 V                                ; 2.72e-10 s                  ; 2.69e-10 s                  ; Yes                        ; Yes                        ; 2.62 V                      ; 4.05e-08 V                  ; 2.72 V             ; -0.0349 V          ; 0.173 V                             ; 0.1 V                               ; 2.72e-10 s                 ; 2.69e-10 s                 ; Yes                       ; Yes                       ;
; segment_output[16] ; 2.5 V        ; 0 s                 ; 0 s                 ; 2.62 V                       ; 4.05e-08 V                   ; 2.72 V              ; -0.0349 V           ; 0.173 V                              ; 0.1 V                                ; 2.72e-10 s                  ; 2.69e-10 s                  ; Yes                        ; Yes                        ; 2.62 V                      ; 4.05e-08 V                  ; 2.72 V             ; -0.0349 V          ; 0.173 V                             ; 0.1 V                               ; 2.72e-10 s                 ; 2.69e-10 s                 ; Yes                       ; Yes                       ;
; segment_output[17] ; 2.5 V        ; 0 s                 ; 0 s                 ; 2.62 V                       ; 4.05e-08 V                   ; 2.72 V              ; -0.0349 V           ; 0.173 V                              ; 0.1 V                                ; 2.72e-10 s                  ; 2.69e-10 s                  ; Yes                        ; Yes                        ; 2.62 V                      ; 4.05e-08 V                  ; 2.72 V             ; -0.0349 V          ; 0.173 V                             ; 0.1 V                               ; 2.72e-10 s                 ; 2.69e-10 s                 ; Yes                       ; Yes                       ;
; segment_output[18] ; 2.5 V        ; 0 s                 ; 0 s                 ; 2.62 V                       ; 4.05e-08 V                   ; 2.64 V              ; -0.0113 V           ; 0.208 V                              ; 0.179 V                              ; 2.38e-09 s                  ; 2.23e-09 s                  ; No                         ; Yes                        ; 2.62 V                      ; 4.05e-08 V                  ; 2.64 V             ; -0.0113 V          ; 0.208 V                             ; 0.179 V                             ; 2.38e-09 s                 ; 2.23e-09 s                 ; No                        ; Yes                       ;
; segment_output[19] ; 2.5 V        ; 0 s                 ; 0 s                 ; 2.62 V                       ; 4.05e-08 V                   ; 2.72 V              ; -0.0349 V           ; 0.173 V                              ; 0.1 V                                ; 2.72e-10 s                  ; 2.69e-10 s                  ; Yes                        ; Yes                        ; 2.62 V                      ; 4.05e-08 V                  ; 2.72 V             ; -0.0349 V          ; 0.173 V                             ; 0.1 V                               ; 2.72e-10 s                 ; 2.69e-10 s                 ; Yes                       ; Yes                       ;
; segment_output[20] ; 2.5 V        ; 0 s                 ; 0 s                 ; 2.62 V                       ; 2.74e-08 V                   ; 2.73 V              ; -0.0384 V           ; 0.169 V                              ; 0.089 V                              ; 2.7e-10 s                   ; 2.62e-10 s                  ; Yes                        ; Yes                        ; 2.62 V                      ; 2.74e-08 V                  ; 2.73 V             ; -0.0384 V          ; 0.169 V                             ; 0.089 V                             ; 2.7e-10 s                  ; 2.62e-10 s                 ; Yes                       ; Yes                       ;
; segment_output[21] ; 2.5 V        ; 0 s                 ; 0 s                 ; 2.62 V                       ; 2.74e-08 V                   ; 2.71 V              ; -0.0317 V           ; 0.148 V                              ; 0.064 V                              ; 4.51e-10 s                  ; 4.15e-10 s                  ; No                         ; Yes                        ; 2.62 V                      ; 2.74e-08 V                  ; 2.71 V             ; -0.0317 V          ; 0.148 V                             ; 0.064 V                             ; 4.51e-10 s                 ; 4.15e-10 s                 ; No                        ; Yes                       ;
; segment_output[22] ; 2.5 V        ; 0 s                 ; 0 s                 ; 2.62 V                       ; 2.74e-08 V                   ; 2.71 V              ; -0.0317 V           ; 0.148 V                              ; 0.064 V                              ; 4.51e-10 s                  ; 4.15e-10 s                  ; No                         ; Yes                        ; 2.62 V                      ; 2.74e-08 V                  ; 2.71 V             ; -0.0317 V          ; 0.148 V                             ; 0.064 V                             ; 4.51e-10 s                 ; 4.15e-10 s                 ; No                        ; Yes                       ;
; segment_output[23] ; 2.5 V        ; 0 s                 ; 0 s                 ; 2.62 V                       ; 4.05e-08 V                   ; 2.64 V              ; -0.0113 V           ; 0.208 V                              ; 0.179 V                              ; 2.38e-09 s                  ; 2.23e-09 s                  ; No                         ; Yes                        ; 2.62 V                      ; 4.05e-08 V                  ; 2.64 V             ; -0.0113 V          ; 0.208 V                             ; 0.179 V                             ; 2.38e-09 s                 ; 2.23e-09 s                 ; No                        ; Yes                       ;
; segment_output[24] ; 2.5 V        ; 0 s                 ; 0 s                 ; 2.62 V                       ; 4.05e-08 V                   ; 2.72 V              ; -0.0349 V           ; 0.173 V                              ; 0.1 V                                ; 2.72e-10 s                  ; 2.69e-10 s                  ; Yes                        ; Yes                        ; 2.62 V                      ; 4.05e-08 V                  ; 2.72 V             ; -0.0349 V          ; 0.173 V                             ; 0.1 V                               ; 2.72e-10 s                 ; 2.69e-10 s                 ; Yes                       ; Yes                       ;
; segment_output[25] ; 2.5 V        ; 0 s                 ; 0 s                 ; 2.62 V                       ; 4.05e-08 V                   ; 2.72 V              ; -0.0349 V           ; 0.173 V                              ; 0.1 V                                ; 2.72e-10 s                  ; 2.69e-10 s                  ; Yes                        ; Yes                        ; 2.62 V                      ; 4.05e-08 V                  ; 2.72 V             ; -0.0349 V          ; 0.173 V                             ; 0.1 V                               ; 2.72e-10 s                 ; 2.69e-10 s                 ; Yes                       ; Yes                       ;
; segment_output[26] ; 2.5 V        ; 0 s                 ; 0 s                 ; 2.62 V                       ; 4.05e-08 V                   ; 2.72 V              ; -0.0349 V           ; 0.173 V                              ; 0.1 V                                ; 2.72e-10 s                  ; 2.69e-10 s                  ; Yes                        ; Yes                        ; 2.62 V                      ; 4.05e-08 V                  ; 2.72 V             ; -0.0349 V          ; 0.173 V                             ; 0.1 V                               ; 2.72e-10 s                 ; 2.69e-10 s                 ; Yes                       ; Yes                       ;
; segment_output[27] ; 2.5 V        ; 0 s                 ; 0 s                 ; 2.62 V                       ; 4.05e-08 V                   ; 2.72 V              ; -0.0349 V           ; 0.173 V                              ; 0.1 V                                ; 2.72e-10 s                  ; 2.69e-10 s                  ; Yes                        ; Yes                        ; 2.62 V                      ; 4.05e-08 V                  ; 2.72 V             ; -0.0349 V          ; 0.173 V                             ; 0.1 V                               ; 2.72e-10 s                 ; 2.69e-10 s                 ; Yes                       ; Yes                       ;
; segment_output[28] ; 2.5 V        ; 0 s                 ; 0 s                 ; 2.62 V                       ; 2.74e-08 V                   ; 2.71 V              ; -0.0317 V           ; 0.148 V                              ; 0.064 V                              ; 4.51e-10 s                  ; 4.15e-10 s                  ; No                         ; Yes                        ; 2.62 V                      ; 2.74e-08 V                  ; 2.71 V             ; -0.0317 V          ; 0.148 V                             ; 0.064 V                             ; 4.51e-10 s                 ; 4.15e-10 s                 ; No                        ; Yes                       ;
; segment_output[29] ; 2.5 V        ; 0 s                 ; 0 s                 ; 2.62 V                       ; 2.74e-08 V                   ; 2.71 V              ; -0.0317 V           ; 0.148 V                              ; 0.064 V                              ; 4.51e-10 s                  ; 4.15e-10 s                  ; No                         ; Yes                        ; 2.62 V                      ; 2.74e-08 V                  ; 2.71 V             ; -0.0317 V          ; 0.148 V                             ; 0.064 V                             ; 4.51e-10 s                 ; 4.15e-10 s                 ; No                        ; Yes                       ;
; segment_output[30] ; 2.5 V        ; 0 s                 ; 0 s                 ; 2.62 V                       ; 2.74e-08 V                   ; 2.73 V              ; -0.0384 V           ; 0.169 V                              ; 0.089 V                              ; 2.7e-10 s                   ; 2.62e-10 s                  ; Yes                        ; Yes                        ; 2.62 V                      ; 2.74e-08 V                  ; 2.73 V             ; -0.0384 V          ; 0.169 V                             ; 0.089 V                             ; 2.7e-10 s                  ; 2.62e-10 s                 ; Yes                       ; Yes                       ;
; segment_output[31] ; 2.5 V        ; 0 s                 ; 0 s                 ; 2.62 V                       ; 4.05e-08 V                   ; 2.72 V              ; -0.0349 V           ; 0.173 V                              ; 0.1 V                                ; 2.72e-10 s                  ; 2.69e-10 s                  ; Yes                        ; Yes                        ; 2.62 V                      ; 4.05e-08 V                  ; 2.72 V             ; -0.0349 V          ; 0.173 V                             ; 0.1 V                               ; 2.72e-10 s                 ; 2.69e-10 s                 ; Yes                       ; Yes                       ;
; segment_output[32] ; 2.5 V        ; 0 s                 ; 0 s                 ; 2.62 V                       ; 4.05e-08 V                   ; 2.72 V              ; -0.0349 V           ; 0.173 V                              ; 0.1 V                                ; 2.72e-10 s                  ; 2.69e-10 s                  ; Yes                        ; Yes                        ; 2.62 V                      ; 4.05e-08 V                  ; 2.72 V             ; -0.0349 V          ; 0.173 V                             ; 0.1 V                               ; 2.72e-10 s                 ; 2.69e-10 s                 ; Yes                       ; Yes                       ;
; segment_output[33] ; 2.5 V        ; 0 s                 ; 0 s                 ; 2.62 V                       ; 4.05e-08 V                   ; 2.72 V              ; -0.0349 V           ; 0.173 V                              ; 0.1 V                                ; 2.72e-10 s                  ; 2.69e-10 s                  ; Yes                        ; Yes                        ; 2.62 V                      ; 4.05e-08 V                  ; 2.72 V             ; -0.0349 V          ; 0.173 V                             ; 0.1 V                               ; 2.72e-10 s                 ; 2.69e-10 s                 ; Yes                       ; Yes                       ;
; segment_output[34] ; 2.5 V        ; 0 s                 ; 0 s                 ; 2.62 V                       ; 4.05e-08 V                   ; 2.72 V              ; -0.0349 V           ; 0.173 V                              ; 0.1 V                                ; 2.72e-10 s                  ; 2.69e-10 s                  ; Yes                        ; Yes                        ; 2.62 V                      ; 4.05e-08 V                  ; 2.72 V             ; -0.0349 V          ; 0.173 V                             ; 0.1 V                               ; 2.72e-10 s                 ; 2.69e-10 s                 ; Yes                       ; Yes                       ;
; segment_output[35] ; 2.5 V        ; 0 s                 ; 0 s                 ; 2.62 V                       ; 4.05e-08 V                   ; 2.72 V              ; -0.0349 V           ; 0.173 V                              ; 0.1 V                                ; 2.72e-10 s                  ; 2.69e-10 s                  ; Yes                        ; Yes                        ; 2.62 V                      ; 4.05e-08 V                  ; 2.72 V             ; -0.0349 V          ; 0.173 V                             ; 0.1 V                               ; 2.72e-10 s                 ; 2.69e-10 s                 ; Yes                       ; Yes                       ;
; segment_output[36] ; 2.5 V        ; 0 s                 ; 0 s                 ; 2.62 V                       ; 4.05e-08 V                   ; 2.72 V              ; -0.0349 V           ; 0.173 V                              ; 0.1 V                                ; 2.72e-10 s                  ; 2.69e-10 s                  ; Yes                        ; Yes                        ; 2.62 V                      ; 4.05e-08 V                  ; 2.72 V             ; -0.0349 V          ; 0.173 V                             ; 0.1 V                               ; 2.72e-10 s                 ; 2.69e-10 s                 ; Yes                       ; Yes                       ;
; segment_output[37] ; 2.5 V        ; 0 s                 ; 0 s                 ; 2.62 V                       ; 4.05e-08 V                   ; 2.72 V              ; -0.0349 V           ; 0.173 V                              ; 0.1 V                                ; 2.72e-10 s                  ; 2.69e-10 s                  ; Yes                        ; Yes                        ; 2.62 V                      ; 4.05e-08 V                  ; 2.72 V             ; -0.0349 V          ; 0.173 V                             ; 0.1 V                               ; 2.72e-10 s                 ; 2.69e-10 s                 ; Yes                       ; Yes                       ;
; segment_output[38] ; 2.5 V        ; 0 s                 ; 0 s                 ; 2.62 V                       ; 4.05e-08 V                   ; 2.72 V              ; -0.0349 V           ; 0.173 V                              ; 0.1 V                                ; 2.72e-10 s                  ; 2.69e-10 s                  ; Yes                        ; Yes                        ; 2.62 V                      ; 4.05e-08 V                  ; 2.72 V             ; -0.0349 V          ; 0.173 V                             ; 0.1 V                               ; 2.72e-10 s                 ; 2.69e-10 s                 ; Yes                       ; Yes                       ;
; segment_output[39] ; 2.5 V        ; 0 s                 ; 0 s                 ; 2.62 V                       ; 4.05e-08 V                   ; 2.72 V              ; -0.0349 V           ; 0.173 V                              ; 0.1 V                                ; 2.72e-10 s                  ; 2.69e-10 s                  ; Yes                        ; Yes                        ; 2.62 V                      ; 4.05e-08 V                  ; 2.72 V             ; -0.0349 V          ; 0.173 V                             ; 0.1 V                               ; 2.72e-10 s                 ; 2.69e-10 s                 ; Yes                       ; Yes                       ;
; segment_output[40] ; 2.5 V        ; 0 s                 ; 0 s                 ; 2.62 V                       ; 4.05e-08 V                   ; 2.72 V              ; -0.0349 V           ; 0.173 V                              ; 0.1 V                                ; 2.72e-10 s                  ; 2.69e-10 s                  ; Yes                        ; Yes                        ; 2.62 V                      ; 4.05e-08 V                  ; 2.72 V             ; -0.0349 V          ; 0.173 V                             ; 0.1 V                               ; 2.72e-10 s                 ; 2.69e-10 s                 ; Yes                       ; Yes                       ;
; segment_output[41] ; 2.5 V        ; 0 s                 ; 0 s                 ; 2.62 V                       ; 4.05e-08 V                   ; 2.72 V              ; -0.0349 V           ; 0.173 V                              ; 0.1 V                                ; 2.72e-10 s                  ; 2.69e-10 s                  ; Yes                        ; Yes                        ; 2.62 V                      ; 4.05e-08 V                  ; 2.72 V             ; -0.0349 V          ; 0.173 V                             ; 0.1 V                               ; 2.72e-10 s                 ; 2.69e-10 s                 ; Yes                       ; Yes                       ;
; segment_output[42] ; 2.5 V        ; 0 s                 ; 0 s                 ; 2.62 V                       ; 4.05e-08 V                   ; 2.72 V              ; -0.0349 V           ; 0.173 V                              ; 0.1 V                                ; 2.72e-10 s                  ; 2.69e-10 s                  ; Yes                        ; Yes                        ; 2.62 V                      ; 4.05e-08 V                  ; 2.72 V             ; -0.0349 V          ; 0.173 V                             ; 0.1 V                               ; 2.72e-10 s                 ; 2.69e-10 s                 ; Yes                       ; Yes                       ;
; segment_output[43] ; 2.5 V        ; 0 s                 ; 0 s                 ; 2.62 V                       ; 4.05e-08 V                   ; 2.72 V              ; -0.0349 V           ; 0.173 V                              ; 0.1 V                                ; 2.72e-10 s                  ; 2.69e-10 s                  ; Yes                        ; Yes                        ; 2.62 V                      ; 4.05e-08 V                  ; 2.72 V             ; -0.0349 V          ; 0.173 V                             ; 0.1 V                               ; 2.72e-10 s                 ; 2.69e-10 s                 ; Yes                       ; Yes                       ;
; segment_output[44] ; 2.5 V        ; 0 s                 ; 0 s                 ; 2.62 V                       ; 4.05e-08 V                   ; 2.72 V              ; -0.0349 V           ; 0.173 V                              ; 0.1 V                                ; 2.72e-10 s                  ; 2.69e-10 s                  ; Yes                        ; Yes                        ; 2.62 V                      ; 4.05e-08 V                  ; 2.72 V             ; -0.0349 V          ; 0.173 V                             ; 0.1 V                               ; 2.72e-10 s                 ; 2.69e-10 s                 ; Yes                       ; Yes                       ;
; segment_output[45] ; 2.5 V        ; 0 s                 ; 0 s                 ; 2.62 V                       ; 4.05e-08 V                   ; 2.72 V              ; -0.0349 V           ; 0.173 V                              ; 0.1 V                                ; 2.72e-10 s                  ; 2.69e-10 s                  ; Yes                        ; Yes                        ; 2.62 V                      ; 4.05e-08 V                  ; 2.72 V             ; -0.0349 V          ; 0.173 V                             ; 0.1 V                               ; 2.72e-10 s                 ; 2.69e-10 s                 ; Yes                       ; Yes                       ;
; segment_output[46] ; 2.5 V        ; 0 s                 ; 0 s                 ; 2.62 V                       ; 4.05e-08 V                   ; 2.72 V              ; -0.0349 V           ; 0.173 V                              ; 0.1 V                                ; 2.72e-10 s                  ; 2.69e-10 s                  ; Yes                        ; Yes                        ; 2.62 V                      ; 4.05e-08 V                  ; 2.72 V             ; -0.0349 V          ; 0.173 V                             ; 0.1 V                               ; 2.72e-10 s                 ; 2.69e-10 s                 ; Yes                       ; Yes                       ;
; segment_output[47] ; 2.5 V        ; 0 s                 ; 0 s                 ; 2.62 V                       ; 4.05e-08 V                   ; 2.72 V              ; -0.0349 V           ; 0.173 V                              ; 0.1 V                                ; 2.72e-10 s                  ; 2.69e-10 s                  ; Yes                        ; Yes                        ; 2.62 V                      ; 4.05e-08 V                  ; 2.72 V             ; -0.0349 V          ; 0.173 V                             ; 0.1 V                               ; 2.72e-10 s                 ; 2.69e-10 s                 ; Yes                       ; Yes                       ;
; segment_output[48] ; 2.5 V        ; 0 s                 ; 0 s                 ; 2.62 V                       ; 4.05e-08 V                   ; 2.72 V              ; -0.0349 V           ; 0.173 V                              ; 0.1 V                                ; 2.72e-10 s                  ; 2.69e-10 s                  ; Yes                        ; Yes                        ; 2.62 V                      ; 4.05e-08 V                  ; 2.72 V             ; -0.0349 V          ; 0.173 V                             ; 0.1 V                               ; 2.72e-10 s                 ; 2.69e-10 s                 ; Yes                       ; Yes                       ;
; segment_output[49] ; 2.5 V        ; 0 s                 ; 0 s                 ; 2.62 V                       ; 4.05e-08 V                   ; 2.72 V              ; -0.0349 V           ; 0.173 V                              ; 0.1 V                                ; 2.72e-10 s                  ; 2.69e-10 s                  ; Yes                        ; Yes                        ; 2.62 V                      ; 4.05e-08 V                  ; 2.72 V             ; -0.0349 V          ; 0.173 V                             ; 0.1 V                               ; 2.72e-10 s                 ; 2.69e-10 s                 ; Yes                       ; Yes                       ;
; segment_output[50] ; 2.5 V        ; 0 s                 ; 0 s                 ; 2.62 V                       ; 4.05e-08 V                   ; 2.72 V              ; -0.0349 V           ; 0.173 V                              ; 0.1 V                                ; 2.72e-10 s                  ; 2.69e-10 s                  ; Yes                        ; Yes                        ; 2.62 V                      ; 4.05e-08 V                  ; 2.72 V             ; -0.0349 V          ; 0.173 V                             ; 0.1 V                               ; 2.72e-10 s                 ; 2.69e-10 s                 ; Yes                       ; Yes                       ;
; segment_output[51] ; 2.5 V        ; 0 s                 ; 0 s                 ; 2.62 V                       ; 4.05e-08 V                   ; 2.72 V              ; -0.0349 V           ; 0.173 V                              ; 0.1 V                                ; 2.72e-10 s                  ; 2.69e-10 s                  ; Yes                        ; Yes                        ; 2.62 V                      ; 4.05e-08 V                  ; 2.72 V             ; -0.0349 V          ; 0.173 V                             ; 0.1 V                               ; 2.72e-10 s                 ; 2.69e-10 s                 ; Yes                       ; Yes                       ;
; segment_output[52] ; 2.5 V        ; 0 s                 ; 0 s                 ; 2.62 V                       ; 4.05e-08 V                   ; 2.64 V              ; -0.0113 V           ; 0.208 V                              ; 0.179 V                              ; 2.38e-09 s                  ; 2.23e-09 s                  ; No                         ; Yes                        ; 2.62 V                      ; 4.05e-08 V                  ; 2.64 V             ; -0.0113 V          ; 0.208 V                             ; 0.179 V                             ; 2.38e-09 s                 ; 2.23e-09 s                 ; No                        ; Yes                       ;
; segment_output[53] ; 2.5 V        ; 0 s                 ; 0 s                 ; 2.62 V                       ; 4.05e-08 V                   ; 2.72 V              ; -0.0349 V           ; 0.173 V                              ; 0.1 V                                ; 2.72e-10 s                  ; 2.69e-10 s                  ; Yes                        ; Yes                        ; 2.62 V                      ; 4.05e-08 V                  ; 2.72 V             ; -0.0349 V          ; 0.173 V                             ; 0.1 V                               ; 2.72e-10 s                 ; 2.69e-10 s                 ; Yes                       ; Yes                       ;
; segment_output[54] ; 2.5 V        ; 0 s                 ; 0 s                 ; 2.62 V                       ; 4.05e-08 V                   ; 2.72 V              ; -0.0349 V           ; 0.173 V                              ; 0.1 V                                ; 2.72e-10 s                  ; 2.69e-10 s                  ; Yes                        ; Yes                        ; 2.62 V                      ; 4.05e-08 V                  ; 2.72 V             ; -0.0349 V          ; 0.173 V                             ; 0.1 V                               ; 2.72e-10 s                 ; 2.69e-10 s                 ; Yes                       ; Yes                       ;
; segment_output[55] ; 2.5 V        ; 0 s                 ; 0 s                 ; 2.62 V                       ; 4.05e-08 V                   ; 2.72 V              ; -0.0349 V           ; 0.173 V                              ; 0.1 V                                ; 2.72e-10 s                  ; 2.69e-10 s                  ; Yes                        ; Yes                        ; 2.62 V                      ; 4.05e-08 V                  ; 2.72 V             ; -0.0349 V          ; 0.173 V                             ; 0.1 V                               ; 2.72e-10 s                 ; 2.69e-10 s                 ; Yes                       ; Yes                       ;
; ~ALTERA_DCLK~      ; 2.5 V        ; 0 s                 ; 0 s                 ; 2.62 V                       ; 2.22e-08 V                   ; 2.74 V              ; -0.06 V             ; 0.158 V                              ; 0.08 V                               ; 2.68e-10 s                  ; 2.19e-10 s                  ; Yes                        ; Yes                        ; 2.62 V                      ; 2.22e-08 V                  ; 2.74 V             ; -0.06 V            ; 0.158 V                             ; 0.08 V                              ; 2.68e-10 s                 ; 2.19e-10 s                 ; Yes                       ; Yes                       ;
; ~ALTERA_nCEO~      ; 2.5 V        ; 0 s                 ; 0 s                 ; 2.62 V                       ; 3.54e-08 V                   ; 2.7 V               ; -0.00943 V          ; 0.276 V                              ; 0.035 V                              ; 3.19e-10 s                  ; 4.99e-10 s                  ; No                         ; Yes                        ; 2.62 V                      ; 3.54e-08 V                  ; 2.7 V              ; -0.00943 V         ; 0.276 V                             ; 0.035 V                             ; 3.19e-10 s                 ; 4.99e-10 s                 ; No                        ; Yes                       ;
+--------------------+--------------+---------------------+---------------------+------------------------------+------------------------------+---------------------+---------------------+--------------------------------------+--------------------------------------+-----------------------------+-----------------------------+----------------------------+----------------------------+-----------------------------+-----------------------------+--------------------+--------------------+-------------------------------------+-------------------------------------+----------------------------+----------------------------+---------------------------+---------------------------+


+-------------------------------------------------------------------+
; Setup Transfers                                                   ;
+------------+----------+----------+----------+----------+----------+
; From Clock ; To Clock ; RR Paths ; FR Paths ; RF Paths ; FF Paths ;
+------------+----------+----------+----------+----------+----------+
; clk        ; clk      ; 1193077  ; 0        ; 0        ; 0        ;
+------------+----------+----------+----------+----------+----------+
Entries labeled "false path" only account for clock-to-clock false paths and not path-based false paths. As a result, actual path counts may be lower than reported.


+-------------------------------------------------------------------+
; Hold Transfers                                                    ;
+------------+----------+----------+----------+----------+----------+
; From Clock ; To Clock ; RR Paths ; FR Paths ; RF Paths ; FF Paths ;
+------------+----------+----------+----------+----------+----------+
; clk        ; clk      ; 1193077  ; 0        ; 0        ; 0        ;
+------------+----------+----------+----------+----------+----------+
Entries labeled "false path" only account for clock-to-clock false paths and not path-based false paths. As a result, actual path counts may be lower than reported.


---------------
; Report TCCS ;
---------------
No dedicated SERDES Transmitter circuitry present in device or used in design


---------------
; Report RSKM ;
---------------
No non-DPA dedicated SERDES Receiver circuitry present in device or used in design


+------------------------------------------------+
; Unconstrained Paths Summary                    ;
+---------------------------------+-------+------+
; Property                        ; Setup ; Hold ;
+---------------------------------+-------+------+
; Illegal Clocks                  ; 0     ; 0    ;
; Unconstrained Clocks            ; 0     ; 0    ;
; Unconstrained Input Ports       ; 1     ; 1    ;
; Unconstrained Input Port Paths  ; 264   ; 264  ;
; Unconstrained Output Ports      ; 56    ; 56   ;
; Unconstrained Output Port Paths ; 280   ; 280  ;
+---------------------------------+-------+------+


+-------------------------------------+
; Clock Status Summary                ;
+--------+-------+------+-------------+
; Target ; Clock ; Type ; Status      ;
+--------+-------+------+-------------+
; clk    ; clk   ; Base ; Constrained ;
+--------+-------+------+-------------+


+---------------------------------------------------------------------------------------------------+
; Unconstrained Input Ports                                                                         ;
+------------+--------------------------------------------------------------------------------------+
; Input Port ; Comment                                                                              ;
+------------+--------------------------------------------------------------------------------------+
; rstn       ; No input delay, min/max delays, false-path exceptions, or max skew assignments found ;
+------------+--------------------------------------------------------------------------------------+


+------------------------------------------------------------------------------------------------------------+
; Unconstrained Output Ports                                                                                 ;
+--------------------+---------------------------------------------------------------------------------------+
; Output Port        ; Comment                                                                               ;
+--------------------+---------------------------------------------------------------------------------------+
; segment_output[0]  ; No output delay, min/max delays, false-path exceptions, or max skew assignments found ;
; segment_output[1]  ; No output delay, min/max delays, false-path exceptions, or max skew assignments found ;
; segment_output[2]  ; No output delay, min/max delays, false-path exceptions, or max skew assignments found ;
; segment_output[3]  ; No output delay, min/max delays, false-path exceptions, or max skew assignments found ;
; segment_output[4]  ; No output delay, min/max delays, false-path exceptions, or max skew assignments found ;
; segment_output[5]  ; No output delay, min/max delays, false-path exceptions, or max skew assignments found ;
; segment_output[6]  ; No output delay, min/max delays, false-path exceptions, or max skew assignments found ;
; segment_output[7]  ; No output delay, min/max delays, false-path exceptions, or max skew assignments found ;
; segment_output[8]  ; No output delay, min/max delays, false-path exceptions, or max skew assignments found ;
; segment_output[9]  ; No output delay, min/max delays, false-path exceptions, or max skew assignments found ;
; segment_output[10] ; No output delay, min/max delays, false-path exceptions, or max skew assignments found ;
; segment_output[11] ; No output delay, min/max delays, false-path exceptions, or max skew assignments found ;
; segment_output[12] ; No output delay, min/max delays, false-path exceptions, or max skew assignments found ;
; segment_output[13] ; No output delay, min/max delays, false-path exceptions, or max skew assignments found ;
; segment_output[14] ; No output delay, min/max delays, false-path exceptions, or max skew assignments found ;
; segment_output[15] ; No output delay, min/max delays, false-path exceptions, or max skew assignments found ;
; segment_output[16] ; No output delay, min/max delays, false-path exceptions, or max skew assignments found ;
; segment_output[17] ; No output delay, min/max delays, false-path exceptions, or max skew assignments found ;
; segment_output[18] ; No output delay, min/max delays, false-path exceptions, or max skew assignments found ;
; segment_output[19] ; No output delay, min/max delays, false-path exceptions, or max skew assignments found ;
; segment_output[20] ; No output delay, min/max delays, false-path exceptions, or max skew assignments found ;
; segment_output[21] ; No output delay, min/max delays, false-path exceptions, or max skew assignments found ;
; segment_output[22] ; No output delay, min/max delays, false-path exceptions, or max skew assignments found ;
; segment_output[23] ; No output delay, min/max delays, false-path exceptions, or max skew assignments found ;
; segment_output[24] ; No output delay, min/max delays, false-path exceptions, or max skew assignments found ;
; segment_output[25] ; No output delay, min/max delays, false-path exceptions, or max skew assignments found ;
; segment_output[26] ; No output delay, min/max delays, false-path exceptions, or max skew assignments found ;
; segment_output[27] ; No output delay, min/max delays, false-path exceptions, or max skew assignments found ;
; segment_output[28] ; No output delay, min/max delays, false-path exceptions, or max skew assignments found ;
; segment_output[29] ; No output delay, min/max delays, false-path exceptions, or max skew assignments found ;
; segment_output[30] ; No output delay, min/max delays, false-path exceptions, or max skew assignments found ;
; segment_output[31] ; No output delay, min/max delays, false-path exceptions, or max skew assignments found ;
; segment_output[32] ; No output delay, min/max delays, false-path exceptions, or max skew assignments found ;
; segment_output[33] ; No output delay, min/max delays, false-path exceptions, or max skew assignments found ;
; segment_output[34] ; No output delay, min/max delays, false-path exceptions, or max skew assignments found ;
; segment_output[35] ; No output delay, min/max delays, false-path exceptions, or max skew assignments found ;
; segment_output[36] ; No output delay, min/max delays, false-path exceptions, or max skew assignments found ;
; segment_output[37] ; No output delay, min/max delays, false-path exceptions, or max skew assignments found ;
; segment_output[38] ; No output delay, min/max delays, false-path exceptions, or max skew assignments found ;
; segment_output[39] ; No output delay, min/max delays, false-path exceptions, or max skew assignments found ;
; segment_output[40] ; No output delay, min/max delays, false-path exceptions, or max skew assignments found ;
; segment_output[41] ; No output delay, min/max delays, false-path exceptions, or max skew assignments found ;
; segment_output[42] ; No output delay, min/max delays, false-path exceptions, or max skew assignments found ;
; segment_output[43] ; No output delay, min/max delays, false-path exceptions, or max skew assignments found ;
; segment_output[44] ; No output delay, min/max delays, false-path exceptions, or max skew assignments found ;
; segment_output[45] ; No output delay, min/max delays, false-path exceptions, or max skew assignments found ;
; segment_output[46] ; No output delay, min/max delays, false-path exceptions, or max skew assignments found ;
; segment_output[47] ; No output delay, min/max delays, false-path exceptions, or max skew assignments found ;
; segment_output[48] ; No output delay, min/max delays, false-path exceptions, or max skew assignments found ;
; segment_output[49] ; No output delay, min/max delays, false-path exceptions, or max skew assignments found ;
; segment_output[50] ; No output delay, min/max delays, false-path exceptions, or max skew assignments found ;
; segment_output[51] ; No output delay, min/max delays, false-path exceptions, or max skew assignments found ;
; segment_output[52] ; No output delay, min/max delays, false-path exceptions, or max skew assignments found ;
; segment_output[53] ; No output delay, min/max delays, false-path exceptions, or max skew assignments found ;
; segment_output[54] ; No output delay, min/max delays, false-path exceptions, or max skew assignments found ;
; segment_output[55] ; No output delay, min/max delays, false-path exceptions, or max skew assignments found ;
+--------------------+---------------------------------------------------------------------------------------+


+---------------------------------------------------------------------------------------------------+
; Unconstrained Input Ports                                                                         ;
+------------+--------------------------------------------------------------------------------------+
; Input Port ; Comment                                                                              ;
+------------+--------------------------------------------------------------------------------------+
; rstn       ; No input delay, min/max delays, false-path exceptions, or max skew assignments found ;
+------------+--------------------------------------------------------------------------------------+


+------------------------------------------------------------------------------------------------------------+
; Unconstrained Output Ports                                                                                 ;
+--------------------+---------------------------------------------------------------------------------------+
; Output Port        ; Comment                                                                               ;
+--------------------+---------------------------------------------------------------------------------------+
; segment_output[0]  ; No output delay, min/max delays, false-path exceptions, or max skew assignments found ;
; segment_output[1]  ; No output delay, min/max delays, false-path exceptions, or max skew assignments found ;
; segment_output[2]  ; No output delay, min/max delays, false-path exceptions, or max skew assignments found ;
; segment_output[3]  ; No output delay, min/max delays, false-path exceptions, or max skew assignments found ;
; segment_output[4]  ; No output delay, min/max delays, false-path exceptions, or max skew assignments found ;
; segment_output[5]  ; No output delay, min/max delays, false-path exceptions, or max skew assignments found ;
; segment_output[6]  ; No output delay, min/max delays, false-path exceptions, or max skew assignments found ;
; segment_output[7]  ; No output delay, min/max delays, false-path exceptions, or max skew assignments found ;
; segment_output[8]  ; No output delay, min/max delays, false-path exceptions, or max skew assignments found ;
; segment_output[9]  ; No output delay, min/max delays, false-path exceptions, or max skew assignments found ;
; segment_output[10] ; No output delay, min/max delays, false-path exceptions, or max skew assignments found ;
; segment_output[11] ; No output delay, min/max delays, false-path exceptions, or max skew assignments found ;
; segment_output[12] ; No output delay, min/max delays, false-path exceptions, or max skew assignments found ;
; segment_output[13] ; No output delay, min/max delays, false-path exceptions, or max skew assignments found ;
; segment_output[14] ; No output delay, min/max delays, false-path exceptions, or max skew assignments found ;
; segment_output[15] ; No output delay, min/max delays, false-path exceptions, or max skew assignments found ;
; segment_output[16] ; No output delay, min/max delays, false-path exceptions, or max skew assignments found ;
; segment_output[17] ; No output delay, min/max delays, false-path exceptions, or max skew assignments found ;
; segment_output[18] ; No output delay, min/max delays, false-path exceptions, or max skew assignments found ;
; segment_output[19] ; No output delay, min/max delays, false-path exceptions, or max skew assignments found ;
; segment_output[20] ; No output delay, min/max delays, false-path exceptions, or max skew assignments found ;
; segment_output[21] ; No output delay, min/max delays, false-path exceptions, or max skew assignments found ;
; segment_output[22] ; No output delay, min/max delays, false-path exceptions, or max skew assignments found ;
; segment_output[23] ; No output delay, min/max delays, false-path exceptions, or max skew assignments found ;
; segment_output[24] ; No output delay, min/max delays, false-path exceptions, or max skew assignments found ;
; segment_output[25] ; No output delay, min/max delays, false-path exceptions, or max skew assignments found ;
; segment_output[26] ; No output delay, min/max delays, false-path exceptions, or max skew assignments found ;
; segment_output[27] ; No output delay, min/max delays, false-path exceptions, or max skew assignments found ;
; segment_output[28] ; No output delay, min/max delays, false-path exceptions, or max skew assignments found ;
; segment_output[29] ; No output delay, min/max delays, false-path exceptions, or max skew assignments found ;
; segment_output[30] ; No output delay, min/max delays, false-path exceptions, or max skew assignments found ;
; segment_output[31] ; No output delay, min/max delays, false-path exceptions, or max skew assignments found ;
; segment_output[32] ; No output delay, min/max delays, false-path exceptions, or max skew assignments found ;
; segment_output[33] ; No output delay, min/max delays, false-path exceptions, or max skew assignments found ;
; segment_output[34] ; No output delay, min/max delays, false-path exceptions, or max skew assignments found ;
; segment_output[35] ; No output delay, min/max delays, false-path exceptions, or max skew assignments found ;
; segment_output[36] ; No output delay, min/max delays, false-path exceptions, or max skew assignments found ;
; segment_output[37] ; No output delay, min/max delays, false-path exceptions, or max skew assignments found ;
; segment_output[38] ; No output delay, min/max delays, false-path exceptions, or max skew assignments found ;
; segment_output[39] ; No output delay, min/max delays, false-path exceptions, or max skew assignments found ;
; segment_output[40] ; No output delay, min/max delays, false-path exceptions, or max skew assignments found ;
; segment_output[41] ; No output delay, min/max delays, false-path exceptions, or max skew assignments found ;
; segment_output[42] ; No output delay, min/max delays, false-path exceptions, or max skew assignments found ;
; segment_output[43] ; No output delay, min/max delays, false-path exceptions, or max skew assignments found ;
; segment_output[44] ; No output delay, min/max delays, false-path exceptions, or max skew assignments found ;
; segment_output[45] ; No output delay, min/max delays, false-path exceptions, or max skew assignments found ;
; segment_output[46] ; No output delay, min/max delays, false-path exceptions, or max skew assignments found ;
; segment_output[47] ; No output delay, min/max delays, false-path exceptions, or max skew assignments found ;
; segment_output[48] ; No output delay, min/max delays, false-path exceptions, or max skew assignments found ;
; segment_output[49] ; No output delay, min/max delays, false-path exceptions, or max skew assignments found ;
; segment_output[50] ; No output delay, min/max delays, false-path exceptions, or max skew assignments found ;
; segment_output[51] ; No output delay, min/max delays, false-path exceptions, or max skew assignments found ;
; segment_output[52] ; No output delay, min/max delays, false-path exceptions, or max skew assignments found ;
; segment_output[53] ; No output delay, min/max delays, false-path exceptions, or max skew assignments found ;
; segment_output[54] ; No output delay, min/max delays, false-path exceptions, or max skew assignments found ;
; segment_output[55] ; No output delay, min/max delays, false-path exceptions, or max skew assignments found ;
+--------------------+---------------------------------------------------------------------------------------+


+--------------------------+
; Timing Analyzer Messages ;
+--------------------------+
Info: *******************************************************************
Info: Running Quartus Prime Timing Analyzer
    Info: Version 23.1std.0 Build 991 11/28/2023 Patches 0.02std SC Standard Edition
    Info: Processing started: Tue May 13 16:09:38 2025
Info: Command: quartus_sta AES_VHDL -c AES_VHDL
Info: qsta_default_script.tcl version: #1
Warning (18236): Number of processors has not been specified which may cause overloading on shared machines.  Set the global assignment NUM_PARALLEL_PROCESSORS in your QSF to an appropriate value for best performance.
Info (20030): Parallel compilation is enabled and will use 4 of the 4 processors detected
Info (21077): Low junction temperature is 0 degrees C
Info (21077): High junction temperature is 85 degrees C
Info (332104): Reading SDC File: 'AES_VHDL.sdc'
Critical Warning (332168): The following clock transfers have no clock uncertainty assignment. For more accurate results, apply clock uncertainty assignments or use the derive_clock_uncertainty command.
    Critical Warning (332169): From clk (Rise) to clk (Rise) (setup and hold)
Info: Found TIMING_ANALYZER_REPORT_SCRIPT_INCLUDE_DEFAULT_ANALYSIS = ON
Info: Analyzing Slow 1200mV 85C Model
Info (332146): Worst-case setup slack is 6.059
    Info (332119):     Slack       End Point TNS Clock 
    Info (332119): ========= =================== =====================
    Info (332119):     6.059               0.000 clk 
Info (332146): Worst-case hold slack is 0.402
    Info (332119):     Slack       End Point TNS Clock 
    Info (332119): ========= =================== =====================
    Info (332119):     0.402               0.000 clk 
Info (332140): No Recovery paths to report
Info (332140): No Removal paths to report
Info (332146): Worst-case minimum pulse width slack is 9.755
    Info (332119):     Slack       End Point TNS Clock 
    Info (332119): ========= =================== =====================
    Info (332119):     9.755               0.000 clk 
Info: Analyzing Slow 1200mV 0C Model
Info (334003): Started post-fitting delay annotation
Info (334004): Delay annotation completed successfully
Critical Warning (332168): The following clock transfers have no clock uncertainty assignment. For more accurate results, apply clock uncertainty assignments or use the derive_clock_uncertainty command.
    Critical Warning (332169): From clk (Rise) to clk (Rise) (setup and hold)
Info (332146): Worst-case setup slack is 7.166
    Info (332119):     Slack       End Point TNS Clock 
    Info (332119): ========= =================== =====================
    Info (332119):     7.166               0.000 clk 
Info (332146): Worst-case hold slack is 0.354
    Info (332119):     Slack       End Point TNS Clock 
    Info (332119): ========= =================== =====================
    Info (332119):     0.354               0.000 clk 
Info (332140): No Recovery paths to report
Info (332140): No Removal paths to report
Info (332146): Worst-case minimum pulse width slack is 9.777
    Info (332119):     Slack       End Point TNS Clock 
    Info (332119): ========= =================== =====================
    Info (332119):     9.777               0.000 clk 
Info: Analyzing Fast 1200mV 0C Model
Critical Warning (332168): The following clock transfers have no clock uncertainty assignment. For more accurate results, apply clock uncertainty assignments or use the derive_clock_uncertainty command.
    Critical Warning (332169): From clk (Rise) to clk (Rise) (setup and hold)
Info (332146): Worst-case setup slack is 12.791
    Info (332119):     Slack       End Point TNS Clock 
    Info (332119): ========= =================== =====================
    Info (332119):    12.791               0.000 clk 
Info (332146): Worst-case hold slack is 0.181
    Info (332119):     Slack       End Point TNS Clock 
    Info (332119): ========= =================== =====================
    Info (332119):     0.181               0.000 clk 
Info (332140): No Recovery paths to report
Info (332140): No Removal paths to report
Info (332146): Worst-case minimum pulse width slack is 9.436
    Info (332119):     Slack       End Point TNS Clock 
    Info (332119): ========= =================== =====================
    Info (332119):     9.436               0.000 clk 
Info (332102): Design is not fully constrained for setup requirements
Info (332102): Design is not fully constrained for hold requirements
Info: Quartus Prime Timing Analyzer was successful. 0 errors, 7 warnings
    Info: Peak virtual memory: 690 megabytes
    Info: Processing ended: Tue May 13 16:09:41 2025
    Info: Elapsed time: 00:00:03
    Info: Total CPU time (on all processors): 00:00:04


